Lead ID,Gym Name,Area / Zone,Phone Number,WhatsApp Link,Rating,ICP Tier,Outreach Status,Mursaleen User Action & Notes,PM & Sales Team Analysis,Target Pain Point Pitch Hook,Recommended Plan,Est. Members,Address,Google Maps URL
GF-KHI-001,Get Smart Gym Ph1,DHA,+92 21 35397849,Landline / Call,4.2,Tier 1 (Premium / Boutique),1. Not Contacted,,"High fee structure (Rs 8k - 25k/mo). Owners care about brand prestige, zero counter friction, and automated payment receipts.",Automated WhatsApp Fee Receipts + Raast QR Instant Verification + Member Retention Dashboard,"Pro / Enterprise (Rs 7,500 - 15,000/mo)",250 - 600 members,"Golden Tower, Main Korangi Rd, DHA phase 1 Phase 1 Defence Housing Authority, Karachi, 75500, Pakistan",https://www.google.com/maps/place/Get+Smart+Gym+Ph1/data=!4m7!3m6!1s0x3eb33c539b77b6dd:0x3dcfd9740c7ad517!8m2!3d24.8383563!4d67.0660953!16s%2Fg%2F11zn6d_v8!19sChIJ3bZ3m1M8sz4RF9V6DHTZzz0?authuser=0&hl=en&g_ep=EgoyMDI2MDkyNy4xIJJjKgBIAVAD&rclk=1
GF-KHI-002,MK Muscle,DHA,+92 335 1225538,https://wa.me/923351225538,5.0,Tier 1 (Premium / Boutique),1. Not Contacted,,"High fee structure (Rs 8k - 25k/mo). Owners care about brand prestige, zero counter friction, and automated payment receipts.",Automated WhatsApp Fee Receipts + Raast QR Instant Verification + Member Retention Dashboard,"Pro / Enterprise (Rs 7,500 - 15,000/mo)",250 - 600 members,"Plot No. 18-C, 05 Sunset Ln, Phase 02 Extension Phase 2 Commercial Area DHA Karachi, Karachi, 75500, Pakistan",https://www.google.com/maps/place/MK+Muscle/data=!4m7!3m6!1s0x3eb33da31e341f4f:0x3a62dbccb5004210!8m2!3d24.8314934!4d67.065708!16s%2Fg%2F11l38ft76t!19sChIJTx80HqM9sz4REEIAtczbYjo?authuser=0&hl=en&g_ep=EgoyMDI2MDkyNy4xIJJjKgBIAVAD&rclk=1
GF-KHI-003,Spartan Fitness,DHA,+92 300 2177778,https://wa.me/923002177778,4.8,Tier 1 (Premium / Boutique),1. Not Contacted,,"High fee structure (Rs 8k - 25k/mo). Owners care about brand prestige, zero counter friction, and automated payment receipts.",Automated WhatsApp Fee Receipts + Raast QR Instant Verification + Member Retention Dashboard,"Pro / Enterprise (Rs 7,500 - 15,000/mo)",250 - 600 members,"111-C Lane-2, D.H.A. Phase 8 Zulfiqar & Al Murtaza Commercial Area Phase 8 Defence Housing Authority, Karachi, 75500, Pakistan",https://www.google.com/maps/place/Spartan+Fitness/data=!4m7!3m6!1s0x3eb33dd277ffdde9:0xd87ea41da95af226!8m2!3d24.7868384!4d67.0789779!16s%2Fg%2F11mv9q_hvr!19sChIJ6d3_d9I9sz4RJvJaqR2kftg?authuser=0&hl=en&g_ep=EgoyMDI2MDkyNy4xIJJjKgBIAVAD&rclk=1
GF-KHI-004,THE FORCE GYM & FITNESS traners,DHA,+92 306 2597844,https://wa.me/923062597844,4.3,Tier 1 (Premium / Boutique),1. Not Contacted,,"High fee structure (Rs 8k - 25k/mo). Owners care about brand prestige, zero counter friction, and automated payment receipts.",Automated WhatsApp Fee Receipts + Raast QR Instant Verification + Member Retention Dashboard,"Pro / Enterprise (Rs 7,500 - 15,000/mo)",250 - 600 members,"Plot 130 D, Commercial Area B Karachi Cantonment, Karachi, 75500, Pakistan",https://www.google.com/maps/place/THE+FORCE+GYM+%26+FITNESS+traners/data=!4m7!3m6!1s0x3eb33db6a8d6941b:0xfb5428be37d861fb!8m2!3d24.8437385!4d67.0550003!16s%2Fg%2F11h03f6qz7!19sChIJG5TWqLY9sz4R-2HYN74oVPs?authuser=0&hl=en&g_ep=EgoyMDI2MDkyNy4xIJJjKgBIAVAD&rclk=1
GF-KHI-005,24/7 GYM - DHA 1 Chapter🏛️24/7 hotel 🛏️,DHA,+92 300 2515013,https://wa.me/923002515013,4.2,Tier 1 (Premium / Boutique),1. Not Contacted,,"High fee structure (Rs 8k - 25k/mo). Owners care about brand prestige, zero counter friction, and automated payment receipts.",Automated WhatsApp Fee Receipts + Raast QR Instant Verification + Member Retention Dashboard,"Pro / Enterprise (Rs 7,500 - 15,000/mo)",250 - 600 members,"First floor, plot 206 Street Number 3, adjacent DHA Phase 1, Akhtar Colony Hazrat Bilal Colony Sector B Akhtar Colony, Karachi, Pakistan",https://www.google.com/maps/place/24%2F7+GYM+-+DHA+1+Chapter%F0%9F%8F%9B%EF%B8%8F24%2F7+hotel+%F0%9F%9B%8F%EF%B8%8F/data=!4m7!3m6!1s0x3eb33d0e81c44b29:0xe1b9e1d0bc0f5d78!8m2!3d24.8395098!4d67.0733479!16s%2Fg%2F11j7y83z4y!19sChIJKUvEgQ49sz4ReF0PvNDhueE?authuser=0&hl=en&g_ep=EgoyMDI2MDkyNy4xIJJjKgBIAVAD&rclk=1
GF-KHI-006,Fitness Extreme,DHA,+92 300 9293948,https://wa.me/923009293948,4.4,Tier 1 (Premium / Boutique),1. Not Contacted,,"High fee structure (Rs 8k - 25k/mo). Owners care about brand prestige, zero counter friction, and automated payment receipts.",Automated WhatsApp Fee Receipts + Raast QR Instant Verification + Member Retention Dashboard,"Pro / Enterprise (Rs 7,500 - 15,000/mo)",250 - 600 members,"no 09, 12/c sunset lane no 09 dha phase 2 ext 12/C, Sunset Ln, Phase 2 Ext Defence Housing Authority, Karachi, 75500, Pakistan",https://www.google.com/maps/place/Fitness+Extreme/data=!4m7!3m6!1s0x3eb33c6acbe0a0a5:0x49d1ea2374fddeb4!8m2!3d24.8327502!4d67.0670465!16s%2Fg%2F11dxdm1npf!19sChIJpaDgy2o8sz4RtN79dCPq0Uk?authuser=0&hl=en&g_ep=EgoyMDI2MDkyNy4xIJJjKgBIAVAD&rclk=1
GF-KHI-007,TRIFIT FITNESS CLUB (COM 1),Clifton,+92 335 8743481,https://wa.me/923358743481,4.9,Tier 1 (Premium / Boutique),1. Not Contacted,,"High fee structure (Rs 8k - 25k/mo). Owners care about brand prestige, zero counter friction, and automated payment receipts.",Automated WhatsApp Fee Receipts + Raast QR Instant Verification + Member Retention Dashboard,"Pro / Enterprise (Rs 7,500 - 15,000/mo)",250 - 600 members,"COM 1, Block 3 Clifton, Karachi, 75600, Pakistan",https://www.google.com/maps/place/TRIFIT+FITNESS+CLUB+%28COM+1%29/data=!4m7!3m6!1s0x3eb33d21444b48a9:0xc66697bf386069c5!8m2!3d24.8146329!4d67.0206383!16s%2Fg%2F11q1tbwfx0!19sChIJqUhLRCE9sz4RxWlgOL-XZsY?authuser=0&hl=en&g_ep=EgoyMDI2MDkyNy4xIJJjKgBIAVAD&rclk=1
GF-KHI-008,Titan Fitness Gym,Clifton,+92 331 2072217,https://wa.me/923312072217,4.7,Tier 1 (Premium / Boutique),1. Not Contacted,,"High fee structure (Rs 8k - 25k/mo). Owners care about brand prestige, zero counter friction, and automated payment receipts.",Automated WhatsApp Fee Receipts + Raast QR Instant Verification + Member Retention Dashboard,"Pro / Enterprise (Rs 7,500 - 15,000/mo)",250 - 600 members,"Shop No m1, yousuf grand square,teen talwar, khayaban-e-iqbal rd, karachi, Block 8 Clifton, Karachi, 75600, Pakistan",https://www.google.com/maps/place/Titan+Fitness+Gym/data=!4m7!3m6!1s0x3eb33d564d188d5f:0xd0d7f612c82c3af3!8m2!3d24.8316794!4d67.0346374!16s%2Fg%2F11g_qmrcg7!19sChIJX40YTVY9sz4R8zosyBL219A?authuser=0&hl=en&g_ep=EgoyMDI2MDkyNy4xIJJjKgBIAVAD&rclk=1
GF-KHI-009,CORE,Clifton,+92 21 35166554,Landline / Call,4.4,Tier 1 (Premium / Boutique),1. Not Contacted,,"High fee structure (Rs 8k - 25k/mo). Owners care about brand prestige, zero counter friction, and automated payment receipts.",Automated WhatsApp Fee Receipts + Raast QR Instant Verification + Member Retention Dashboard,"Pro / Enterprise (Rs 7,500 - 15,000/mo)",250 - 600 members,"14th floor, OceanTower. Plot G-3, Block 9, Scheme #5. Main Clifton Road, Block 9 Clifton, Karachi, 77550, Pakistan",https://www.google.com/maps/place/CORE/data=!4m7!3m6!1s0x3eb33db7425b46a9:0xd76850db6908d390!8m2!3d24.823921!4d67.0355175!16s%2Fg%2F11c1wq3rxh!19sChIJqUZbQrc9sz4RkNMIadtQaNc?authuser=0&hl=en&g_ep=EgoyMDI2MDkyNy4xIJJjKgBIAVAD&rclk=1
GF-KHI-010,Transfit Gym And Fitness,Clifton,+92 313 0600222,https://wa.me/923130600222,4.4,Tier 1 (Premium / Boutique),1. Not Contacted,,"High fee structure (Rs 8k - 25k/mo). Owners care about brand prestige, zero counter friction, and automated payment receipts.",Automated WhatsApp Fee Receipts + Raast QR Instant Verification + Member Retention Dashboard,"Pro / Enterprise (Rs 7,500 - 15,000/mo)",250 - 600 members,"COM 7, 8, Block 2 Clifton, Karachi, Pakistan",https://www.google.com/maps/place/Transfit+Gym+And+Fitness/data=!4m7!3m6!1s0x3eb33d88252967cb:0xa318bb6fe8a48d42!8m2!3d24.8103824!4d67.0177827!16s%2Fg%2F11j8qsgd0c!19sChIJy2cpJYg9sz4RQo2k6G-7GKM?authuser=0&hl=en&g_ep=EgoyMDI2MDkyNy4xIJJjKgBIAVAD&rclk=1
GF-KHI-011,Platinum Fitness پلاٹینیم فٹنس,Clifton,+92 334 1110496,https://wa.me/923341110496,4.4,Tier 1 (Premium / Boutique),1. Not Contacted,,"High fee structure (Rs 8k - 25k/mo). Owners care about brand prestige, zero counter friction, and automated payment receipts.",Automated WhatsApp Fee Receipts + Raast QR Instant Verification + Member Retention Dashboard,"Pro / Enterprise (Rs 7,500 - 15,000/mo)",250 - 600 members,"4th Floor, Emerald Tower, Block 5 Clifton, Karachi, 75500, Pakistan",https://www.google.com/maps/place/Platinum+Fitness+%D9%BE%D9%84%D8%A7%D9%B9%DB%8C%D9%86%DB%8C%D9%85+%D9%81%D9%B9%D9%86%D8%B3%E2%80%AD/data=!4m7!3m6!1s0x3eb33dba043aaaab:0x79386e7a2f8c0a32!8m2!3d24.8218773!4d67.0340249!16s%2Fg%2F11c2p914cn!19sChIJq6o6BLo9sz4RMgqML3puOHk?authuser=0&hl=en&g_ep=EgoyMDI2MDkyNy4xIJJjKgBIAVAD&rclk=1
GF-KHI-012,Raw Fitness Gym,Clifton,+92 321 3330090,https://wa.me/923213330090,4.8,Tier 1 (Premium / Boutique),1. Not Contacted,,"High fee structure (Rs 8k - 25k/mo). Owners care about brand prestige, zero counter friction, and automated payment receipts.",Automated WhatsApp Fee Receipts + Raast QR Instant Verification + Member Retention Dashboard,"Pro / Enterprise (Rs 7,500 - 15,000/mo)",250 - 600 members,"R278+8F6, Block 2 Clifton, Karachi, 75400, Pakistan",https://www.google.com/maps/place/Raw+Fitness+Gym/data=!4m7!3m6!1s0x3eb33ddef15cc269:0x95994b6951b26893!8m2!3d24.8132746!4d67.0161698!16s%2Fg%2F11ks34wskt!19sChIJacJc8d49sz4Rk2iyUWlLmZU?authuser=0&hl=en&g_ep=EgoyMDI2MDkyNy4xIJJjKgBIAVAD&rclk=1
GF-KHI-013,ALLTIME FITNESS GYM 24/7,Clifton,+92 330 0266329,https://wa.me/923300266329,N/A,Tier 1 (Premium / Boutique),1. Not Contacted,,"High fee structure (Rs 8k - 25k/mo). Owners care about brand prestige, zero counter friction, and automated payment receipts.",Automated WhatsApp Fee Receipts + Raast QR Instant Verification + Member Retention Dashboard,"Pro / Enterprise (Rs 7,500 - 15,000/mo)",250 - 600 members,"1st floor, Zone C, Clifton block 7, Zone C - Block 7 Zone C Block 7 Clifton, Karachi, 75600, Pakistan",https://www.google.com/maps/place/ALLTIME+FITNESS+GYM+24%2F7/data=!4m7!3m6!1s0x3eb33d4c3efc486b:0x5c883b8d8e949c59!8m2!3d24.8289506!4d67.0342827!16s%2Fg%2F11zgmfmvfd!19sChIJa0j8Pkw9sz4RWZyUjo07iFw?authuser=0&hl=en&g_ep=EgoyMDI2MDkyNy4xIJJjKgBIAVAD&rclk=1
GF-KHI-014,New Club Sports And Fitness,Clifton,+92 323 2208381,https://wa.me/923232208381,4.7,Tier 1 (Premium / Boutique),1. Not Contacted,,"High fee structure (Rs 8k - 25k/mo). Owners care about brand prestige, zero counter friction, and automated payment receipts.",Automated WhatsApp Fee Receipts + Raast QR Instant Verification + Member Retention Dashboard,"Pro / Enterprise (Rs 7,500 - 15,000/mo)",250 - 600 members,"& clfton under pass shell pump, Ocean Towers, Shop# 37 Mehran shopping Center, Block 8 Clifton, after teen talwar before, near Schon Circle, Block 8 Clifton, Karachi, 75600, Pakistan",https://www.google.com/maps/place/New+Club+Sports+And+Fitness/data=!4m7!3m6!1s0x3eb33d1f83a02425:0x439e97a936c4f045!8m2!3d24.8297298!4d67.0350235!16s%2Fg%2F11cfcmsxt!19sChIJJSSggx89sz4RRfDENqmXnkM?authuser=0&hl=en&g_ep=EgoyMDI2MDkyNy4xIJJjKgBIAVAD&rclk=1
GF-KHI-015,The 42DC Clifton Studio,Clifton,+92 316 6360825,https://wa.me/923166360825,4.3,Tier 1 (Premium / Boutique),1. Not Contacted,,"High fee structure (Rs 8k - 25k/mo). Owners care about brand prestige, zero counter friction, and automated payment receipts.",Automated WhatsApp Fee Receipts + Raast QR Instant Verification + Member Retention Dashboard,"Pro / Enterprise (Rs 7,500 - 15,000/mo)",250 - 600 members,"R2HP+F3G, Block 8 Clifton, Karachi, 75600, Pakistan",https://www.google.com/maps/place/The+42DC+Clifton+Studio/data=!4m7!3m6!1s0x3eb33dae026710c1:0xd1fe009dddca9c18!8m2!3d24.8286875!4d67.0351875!16s%2Fg%2F11fk427k6q!19sChIJwRBnAq49sz4RGJzK3Z0A_tE?authuser=0&hl=en&g_ep=EgoyMDI2MDkyNy4xIJJjKgBIAVAD&rclk=1
GF-KHI-016,Dynamik Training Systems,Clifton,+92 336 1118854,https://wa.me/923361118854,4.8,Tier 1 (Premium / Boutique),1. Not Contacted,,"High fee structure (Rs 8k - 25k/mo). Owners care about brand prestige, zero counter friction, and automated payment receipts.",Automated WhatsApp Fee Receipts + Raast QR Instant Verification + Member Retention Dashboard,"Pro / Enterprise (Rs 7,500 - 15,000/mo)",250 - 600 members,"F, 78, Block 5 Kehkashan Block 5 Clifton, Karachi, 75500, Pakistan",https://www.google.com/maps/place/Dynamik+Training+Systems/data=!4m7!3m6!1s0x3eb33df8dad02929:0x83774bfe804a1297!8m2!3d24.820308!4d67.0292277!16s%2Fg%2F11h0t32m22!19sChIJKSnQ2vg9sz4RlxJKgP5Ld4M?authuser=0&hl=en&g_ep=EgoyMDI2MDkyNy4xIJJjKgBIAVAD&rclk=1
GF-KHI-017,Cross+7 fitness (Co),Clifton,+92 300 2060900,https://wa.me/923002060900,2.3,Tier 1 (Premium / Boutique),1. Not Contacted,,"High fee structure (Rs 8k - 25k/mo). Owners care about brand prestige, zero counter friction, and automated payment receipts.",Automated WhatsApp Fee Receipts + Raast QR Instant Verification + Member Retention Dashboard,"Pro / Enterprise (Rs 7,500 - 15,000/mo)",250 - 600 members,"Neighborhood Park, Ibn-e-Qasim Park Road, Block 4 Block 3 Clifton, Karachi, 75600, Pakistan",https://www.google.com/maps/place/Cross%2B7+fitness+%28Co%29/data=!4m7!3m6!1s0x3eb33d006510d641:0xec3def7669253335!8m2!3d24.8092303!4d67.0288119!16s%2Fg%2F11yv3rzbsn!19sChIJQdYQZQA9sz4RNTMlaXbvPew?authuser=0&hl=en&g_ep=EgoyMDI2MDkyNy4xIJJjKgBIAVAD&rclk=1
GF-KHI-018,Aesthetic Strength Gym,Clifton,+92 300 2583704,https://wa.me/923002583704,4.4,Tier 1 (Premium / Boutique),1. Not Contacted,,"High fee structure (Rs 8k - 25k/mo). Owners care about brand prestige, zero counter friction, and automated payment receipts.",Automated WhatsApp Fee Receipts + Raast QR Instant Verification + Member Retention Dashboard,"Pro / Enterprise (Rs 7,500 - 15,000/mo)",250 - 600 members,"Block-3, Mezzanine Floor, Sahil promenade appartment, Plot No.COM. 2/2, 2/3, Block 3 Clifton, Karachi, Pakistan",https://www.google.com/maps/place/Aesthetic+Strength+Gym/data=!4m7!3m6!1s0x3eb33d8fe3c6651f:0xe2d7aef677350742!8m2!3d24.809599!4d67.0186018!16s%2Fg%2F11hbs_lt7n!19sChIJH2XG4489sz4RQgc1d_au1-I?authuser=0&hl=en&g_ep=EgoyMDI2MDkyNy4xIJJjKgBIAVAD&rclk=1
GF-KHI-019,Rania Fitness Gym (LadiesGym),Clifton,+92 306 1031000,https://wa.me/923061031000,5.0,Tier 1 (Premium / Boutique),1. Not Contacted,,"High fee structure (Rs 8k - 25k/mo). Owners care about brand prestige, zero counter friction, and automated payment receipts.",Automated WhatsApp Fee Receipts + Raast QR Instant Verification + Member Retention Dashboard,"Pro / Enterprise (Rs 7,500 - 15,000/mo)",250 - 600 members,"Block-1, 66, Shireen Jinnah Colony Block 1 Clifton, Karachi, 75900, Pakistan",https://www.google.com/maps/place/Rania+Fitness+Gym+%28LadiesGym%29/data=!4m7!3m6!1s0x3eb33dcabf8a1b7f:0x69cb7004d79bff24!8m2!3d24.8329722!4d67.0471308!16s%2Fg%2F11hcxbxb7x!19sChIJfxuKv8o9sz4RJP-b1wRwy2k?authuser=0&hl=en&g_ep=EgoyMDI2MDkyNy4xIJJjKgBIAVAD&rclk=1
GF-KHI-020,Fitness Emporium - Best Gym In Gulshan,Gulshan-e-Iqbal,+92 339 2120444,https://wa.me/923392120444,4.8,Tier 2 (High-Volume Mid-Market),1. Not Contacted,,High member turnover & unpaid fee leakage (15-25% dues delay). Pitch automated WhatsApp reminders and daily cash ledger.,Eliminate Unpaid Member Dues with 3-Day Automated WhatsApp Payment Reminders,"Starter / Pro (Rs 3,500 - 7,500/mo)",150 - 350 members,"W39M+99H, B-12, Block 1 Gulshan-e-Iqbal, Karachi, 75300, Pakistan",https://www.google.com/maps/place/Fitness+Emporium+-+Best+Gym+In+Gulshan/data=!4m7!3m6!1s0x3eb33f3e14a5dc51:0x6a1854ce35ee198c!8m2!3d24.9179659!4d67.0828528!16s%2Fg%2F11rk8dd0fv!19sChIJUdylFD4_sz4RjBnuNc5UGGo?authuser=0&hl=en&g_ep=EgoyMDI2MDkyNy4xIJJjKgBIAVAD&rclk=1
GF-KHI-021,Pure Fitness Gym (Branch 3),Gulshan-e-Iqbal,+92 335 2846360,https://wa.me/923352846360,4.6,Tier 2 (High-Volume Mid-Market),1. Not Contacted,,High member turnover & unpaid fee leakage (15-25% dues delay). Pitch automated WhatsApp reminders and daily cash ledger.,Eliminate Unpaid Member Dues with 3-Day Automated WhatsApp Payment Reminders,"Starter / Pro (Rs 3,500 - 7,500/mo)",150 - 350 members,"A-43 Own Ctr Rd, near Noman Complex, Block 13D-3 Block 13 D 3 Gulshan-e-Iqbal, Karachi, 75300, Pakistan",https://www.google.com/maps/place/Pure+Fitness+Gym+%28Branch+3%29/data=!4m7!3m6!1s0x3eb33ffc2dfee3a5:0x8649a802ee7d762!8m2!3d24.9061104!4d67.0695084!16s%2Fg%2F11w1vfjfck!19sChIJpeP-Lfw_sz4RYtfnLoCaZAg?authuser=0&hl=en&g_ep=EgoyMDI2MDkyNy4xIJJjKgBIAVAD&rclk=1
GF-KHI-022,FiGym Ladies Fitness Club,Gulshan-e-Iqbal,+92 312 3378616,https://wa.me/923123378616,4.8,Tier 1 (Premium / Boutique),1. Not Contacted,,"High fee structure (Rs 8k - 25k/mo). Owners care about brand prestige, zero counter friction, and automated payment receipts.",Automated WhatsApp Fee Receipts + Raast QR Instant Verification + Member Retention Dashboard,"Pro / Enterprise (Rs 7,500 - 15,000/mo)",250 - 600 members,"B-4, 4th Floor, Al-Shams Center, Block 13-A University Road, 13 A, Block 13 A Gulshan-e-Iqbal, Karachi, 75300, Pakistan",https://www.google.com/maps/place/FiGym+Ladies+Fitness+Club/data=!4m7!3m6!1s0x3eb33f12eaf7e221:0x4d973ef40f477840!8m2!3d24.9038499!4d67.0767552!16s%2Fg%2F11vs0w1c3g!19sChIJIeL36hI_sz4RQHhHD_Q-l00?authuser=0&hl=en&g_ep=EgoyMDI2MDkyNy4xIJJjKgBIAVAD&rclk=1
GF-KHI-023,Pure Fitness Gym 1,Gulshan-e-Iqbal,+92 321 2304035,https://wa.me/923212304035,4.1,Tier 2 (High-Volume Mid-Market),1. Not Contacted,,High member turnover & unpaid fee leakage (15-25% dues delay). Pitch automated WhatsApp reminders and daily cash ledger.,Eliminate Unpaid Member Dues with 3-Day Automated WhatsApp Payment Reminders,"Starter / Pro (Rs 3,500 - 7,500/mo)",150 - 350 members,"Aqsa Tower, Rashid Minhas Rd Service Ln, Block 10 A Gulshan-e-Iqbal, Karachi, Pakistan",https://www.google.com/maps/place/Pure+Fitness+Gym+1/data=!4m7!3m6!1s0x3eb338d866a04367:0x31a88870594dc49b!8m2!3d24.9083554!4d67.108436!16s%2Fg%2F11csqwytpf!19sChIJZ0OgZtg4sz4Rm8RNWXCIqDE?authuser=0&hl=en&g_ep=EgoyMDI2MDkyNy4xIJJjKgBIAVAD&rclk=1
GF-KHI-024,Planet Fitness Gym,Gulshan-e-Iqbal,+92 309 4995248,https://wa.me/923094995248,4.7,Tier 2 (High-Volume Mid-Market),1. Not Contacted,,High member turnover & unpaid fee leakage (15-25% dues delay). Pitch automated WhatsApp reminders and daily cash ledger.,Eliminate Unpaid Member Dues with 3-Day Automated WhatsApp Payment Reminders,"Starter / Pro (Rs 3,500 - 7,500/mo)",150 - 350 members,"E 112, Railway Society Gulshan e Iqbal Block 13 A Gulshan-e-Iqbal, Karachi, Pakistan",https://www.google.com/maps/place/Planet+Fitness+Gym/data=!4m7!3m6!1s0x3eb33f00660420af:0x60de35d363021ff5!8m2!3d24.928815!4d67.0939197!16s%2Fg%2F11mzjw3khg!19sChIJryAEZgA_sz4R9R8CY9M13mA?authuser=0&hl=en&g_ep=EgoyMDI2MDkyNy4xIJJjKgBIAVAD&rclk=1
GF-KHI-025,Body to Build Gym,Gulshan-e-Iqbal,+92 300 2737198,https://wa.me/923002737198,4.6,Tier 2 (High-Volume Mid-Market),1. Not Contacted,,High member turnover & unpaid fee leakage (15-25% dues delay). Pitch automated WhatsApp reminders and daily cash ledger.,Eliminate Unpaid Member Dues with 3-Day Automated WhatsApp Payment Reminders,"Starter / Pro (Rs 3,500 - 7,500/mo)",150 - 350 members,"W37X+F3G, Block 10 Gulshan-e-Iqbal, Karachi, Pakistan",https://www.google.com/maps/place/Body+to+Build+Gym/data=!4m7!3m6!1s0x3eb339ad98583873:0xab42745872d686f9!8m2!3d24.9136875!4d67.0976875!16s%2Fg%2F11ljt679p7!19sChIJczhYmK05sz4R-YbWclh0Qqs?authuser=0&hl=en&g_ep=EgoyMDI2MDkyNy4xIJJjKgBIAVAD&rclk=1
GF-KHI-026,T.R Body Fitness Studio - Chapter 2,Gulshan-e-Iqbal,+92 301 0310928,https://wa.me/923010310928,4.6,Tier 1 (Premium / Boutique),1. Not Contacted,,"High fee structure (Rs 8k - 25k/mo). Owners care about brand prestige, zero counter friction, and automated payment receipts.",Automated WhatsApp Fee Receipts + Raast QR Instant Verification + Member Retention Dashboard,"Pro / Enterprise (Rs 7,500 - 15,000/mo)",250 - 600 members,"Office No# M-4, Waqas Height, Block 13D-1 Block 13 D 1 Gulshan-e-Iqbal, Karachi, Pakistan",https://www.google.com/maps/place/T.R+Body+Fitness+Studio+-+Chapter+2/data=!4m7!3m6!1s0x3eb33f045887cd73:0x554942195e5e9531!8m2!3d24.9129267!4d67.0808609!16s%2Fg%2F11jzktmyvf!19sChIJc82HWAQ_sz4RMZVeXhlCSVU?authuser=0&hl=en&g_ep=EgoyMDI2MDkyNy4xIJJjKgBIAVAD&rclk=1
GF-KHI-027,Janghir gym chapter 2,Gulshan-e-Iqbal,+92 312 1123360,https://wa.me/923121123360,5.0,Tier 2 (High-Volume Mid-Market),1. Not Contacted,,High member turnover & unpaid fee leakage (15-25% dues delay). Pitch automated WhatsApp reminders and daily cash ledger.,Eliminate Unpaid Member Dues with 3-Day Automated WhatsApp Payment Reminders,"Starter / Pro (Rs 3,500 - 7,500/mo)",150 - 350 members,"W33J+H3H, Block 16 Gulshan-e-Iqbal, Karachi, Pakistan",https://www.google.com/maps/place/Janghir+gym+chapter+2/data=!4m7!3m6!1s0x3eb33f007f10a51f:0x2ba9938af860ae5!8m2!3d24.9038913!4d67.0802138!16s%2Fg%2F11nq0f7w10!19sChIJH6UQfwA_sz4R5QqGrziZugI?authuser=0&hl=en&g_ep=EgoyMDI2MDkyNy4xIJJjKgBIAVAD&rclk=1
GF-KHI-028,Ellipse Fitness Club,PECHS,+92 300 2222893,https://wa.me/923002222893,4.7,Tier 1 (Premium / Boutique),1. Not Contacted,,"High fee structure (Rs 8k - 25k/mo). Owners care about brand prestige, zero counter friction, and automated payment receipts.",Automated WhatsApp Fee Receipts + Raast QR Instant Verification + Member Retention Dashboard,"Pro / Enterprise (Rs 7,500 - 15,000/mo)",250 - 600 members,"4-J, Block-6 PECHS Extension Block 6 P.E.C.H.S., Karachi, Pakistan",https://www.google.com/maps/place/Ellipse+Fitness+Club/data=!4m7!3m6!1s0x3eb33f8df1f9643b:0x2f6a28d2af976da7!8m2!3d24.8585873!4d67.0617485!16s%2Fg%2F11sd6g5bbb!19sChIJO2T58Y0_sz4Rp22Xr9Ioai8?authuser=0&hl=en&g_ep=EgoyMDI2MDkyNy4xIJJjKgBIAVAD&rclk=1
GF-KHI-029,Fitbox Gym,PECHS,+92 341 2279269,https://wa.me/923412279269,4.7,Tier 2 (High-Volume Mid-Market),1. Not Contacted,,High member turnover & unpaid fee leakage (15-25% dues delay). Pitch automated WhatsApp reminders and daily cash ledger.,Eliminate Unpaid Member Dues with 3-Day Automated WhatsApp Payment Reminders,"Starter / Pro (Rs 3,500 - 7,500/mo)",150 - 350 members,"Mezannine Floor, Surya Residency, Sir Syed Road, opposite Imtiaz Store, Block 2 P.E.C.H.S., Karachi, 74400, Pakistan",https://www.google.com/maps/place/Fitbox+Gym/data=!4m7!3m6!1s0x3eb33f10842766c1:0x5c894059fd994953!8m2!3d24.876582!4d67.0596528!16s%2Fg%2F11txdlyvbw!19sChIJwWYnhBA_sz4RU0mZ_VlAiVw?authuser=0&hl=en&g_ep=EgoyMDI2MDkyNy4xIJJjKgBIAVAD&rclk=1
GF-KHI-030,Smartinn Fitness,PECHS,+92 301 3383505,https://wa.me/923013383505,5.0,Tier 2 (High-Volume Mid-Market),1. Not Contacted,,High member turnover & unpaid fee leakage (15-25% dues delay). Pitch automated WhatsApp reminders and daily cash ledger.,Eliminate Unpaid Member Dues with 3-Day Automated WhatsApp Payment Reminders,"Starter / Pro (Rs 3,500 - 7,500/mo)",150 - 350 members,"Plot# 4th Floor, 333-C Tariq Rd, Block 2 P.E.C.H.S., Karachi, 75400, Pakistan",https://www.google.com/maps/place/Smartinn+Fitness/data=!4m7!3m6!1s0x3eb33f00391b97f7:0xd8752d614e324996!8m2!3d24.8594497!4d67.0604259!16s%2Fg%2F11yvrxfq2t!19sChIJ95cbOQA_sz4RlkkyTmEtddg?authuser=0&hl=en&g_ep=EgoyMDI2MDkyNy4xIJJjKgBIAVAD&rclk=1
GF-KHI-031,Body Evolution,Bahadurabad,+92 306 6667817,https://wa.me/923066667817,4.9,Tier 2 (High-Volume Mid-Market),1. Not Contacted,,High member turnover & unpaid fee leakage (15-25% dues delay). Pitch automated WhatsApp reminders and daily cash ledger.,Eliminate Unpaid Member Dues with 3-Day Automated WhatsApp Payment Reminders,"Starter / Pro (Rs 3,500 - 7,500/mo)",150 - 350 members,"Shop No.10, Al Bari Exclusive Towers, Bahadurabad Bahadur Yar Jang CHS, Karachi, 74400, Pakistan",https://www.google.com/maps/place/Body+Evolution/data=!4m7!3m6!1s0x3eb33f6501c515db:0x95fcaed748240122!8m2!3d24.8822997!4d67.0681689!16s%2Fg%2F11rft9gvmz!19sChIJ2xXFAWU_sz4RIgEkSNeu_JU?authuser=0&hl=en&g_ep=EgoyMDI2MDkyNy4xIJJjKgBIAVAD&rclk=1
GF-KHI-032,ORA Gym & Padel,PECHS,+92 335 6720222,https://wa.me/923356720222,4.1,Tier 2 (High-Volume Mid-Market),1. Not Contacted,,High member turnover & unpaid fee leakage (15-25% dues delay). Pitch automated WhatsApp reminders and daily cash ledger.,Eliminate Unpaid Member Dues with 3-Day Automated WhatsApp Payment Reminders,"Starter / Pro (Rs 3,500 - 7,500/mo)",150 - 350 members,"Plot no 174/F، 174/J, P.E.C.H.S Block 2 Block 2 P.E.C.H.S., Karachi, Pakistan",https://www.google.com/maps/place/ORA+Gym+%26+Padel/data=!4m7!3m6!1s0x3eb33f00012b42b3:0xed7b80409ef4c745!8m2!3d24.8661424!4d67.0573815!16s%2Fg%2F11xrvm9dnn!19sChIJs0IrAQA_sz4RRcf0nkCAe-0?authuser=0&hl=en&g_ep=EgoyMDI2MDkyNy4xIJJjKgBIAVAD&rclk=1
GF-KHI-033,Genetix Gym,PECHS,+92 313 2838148,https://wa.me/923132838148,4.1,Tier 2 (High-Volume Mid-Market),1. Not Contacted,,High member turnover & unpaid fee leakage (15-25% dues delay). Pitch automated WhatsApp reminders and daily cash ledger.,Eliminate Unpaid Member Dues with 3-Day Automated WhatsApp Payment Reminders,"Starter / Pro (Rs 3,500 - 7,500/mo)",150 - 350 members,"Cafe liberty signal, Tariq Rd, Block 2 P.E.C.H.S., Karachi, 75400, Pakistan",https://www.google.com/maps/place/Genetix+Gym/data=!4m7!3m6!1s0x3eb33fcf33491b27:0x347567c057c2e748!8m2!3d24.8715052!4d67.0595089!16s%2Fg%2F11lh52lz4n!19sChIJJxtJM88_sz4RSOfCV8BndTQ?authuser=0&hl=en&g_ep=EgoyMDI2MDkyNy4xIJJjKgBIAVAD&rclk=1
GF-KHI-034,RAISE THE BAR gym & fitness center,PECHS,+92 333 0000729,https://wa.me/923330000729,4.3,Tier 2 (High-Volume Mid-Market),1. Not Contacted,,High member turnover & unpaid fee leakage (15-25% dues delay). Pitch automated WhatsApp reminders and daily cash ledger.,Eliminate Unpaid Member Dues with 3-Day Automated WhatsApp Payment Reminders,"Starter / Pro (Rs 3,500 - 7,500/mo)",150 - 350 members,"Plot No.54 J, 2 Kashmir Rd, Block 2 P.E.C.H.S., Karachi, Pakistan",https://www.google.com/maps/place/RAISE+THE+BAR+gym+%26+fitness+center/data=!4m7!3m6!1s0x3eb33f1a6b8555f7:0x74599ca90a24a182!8m2!3d24.8724389!4d67.0491261!16s%2Fg%2F11fjqk2dx3!19sChIJ91WFaxo_sz4RgqEkCqmcWXQ?authuser=0&hl=en&g_ep=EgoyMDI2MDkyNy4xIJJjKgBIAVAD&rclk=1
GF-KHI-035,FIT-X GYM,PECHS,+92 321 9243021,https://wa.me/923219243021,5.0,Tier 2 (High-Volume Mid-Market),1. Not Contacted,,High member turnover & unpaid fee leakage (15-25% dues delay). Pitch automated WhatsApp reminders and daily cash ledger.,Eliminate Unpaid Member Dues with 3-Day Automated WhatsApp Payment Reminders,"Starter / Pro (Rs 3,500 - 7,500/mo)",150 - 350 members,"House no 338/B, Karachi Administration Employees Housing Society Block 4 KAECHS, Karachi, 75460, Pakistan",https://www.google.com/maps/place/FIT-X+GYM/data=!4m7!3m6!1s0x3eb33f053619d71f:0x291a0ec286901945!8m2!3d24.8580642!4d67.0784347!16s%2Fg%2F11z6b5p2qt!19sChIJH9cZNgU_sz4RRRmQhsIOGik?authuser=0&hl=en&g_ep=EgoyMDI2MDkyNy4xIJJjKgBIAVAD&rclk=1
GF-KHI-036,OBSESSION FITNESS,PECHS,+92 300 2369518,https://wa.me/923002369518,4.9,Tier 2 (High-Volume Mid-Market),1. Not Contacted,,High member turnover & unpaid fee leakage (15-25% dues delay). Pitch automated WhatsApp reminders and daily cash ledger.,Eliminate Unpaid Member Dues with 3-Day Automated WhatsApp Payment Reminders,"Starter / Pro (Rs 3,500 - 7,500/mo)",150 - 350 members,"Plot 58 Z3, Block 6 P.E.C.H.S., Karachi, 75100, Pakistan",https://www.google.com/maps/place/OBSESSION+FITNESS/data=!4m7!3m6!1s0x3eb33d000511143b:0xb66f37717acd2e30!8m2!3d24.853361!4d67.0669543!16s%2Fg%2F11mctxnfll!19sChIJOxQRBQA9sz4RMC7NenE3b7Y?authuser=0&hl=en&g_ep=EgoyMDI2MDkyNy4xIJJjKgBIAVAD&rclk=1
GF-KHI-037,Next level Fitness shabbirabad,PECHS,+92 323 1635403,https://wa.me/923231635403,3.3,Tier 2 (High-Volume Mid-Market),1. Not Contacted,,High member turnover & unpaid fee leakage (15-25% dues delay). Pitch automated WhatsApp reminders and daily cash ledger.,Eliminate Unpaid Member Dues with 3-Day Automated WhatsApp Payment Reminders,"Starter / Pro (Rs 3,500 - 7,500/mo)",150 - 350 members,"206, off, Tipu Sultan Rd, Block B Shabbirabad, Karachi, Pakistan",https://www.google.com/maps/place/Next+level+Fitness+shabbirabad/data=!4m7!3m6!1s0x3eb33f1cca3d0dbb:0x977b3cbefe31ce27!8m2!3d24.8776938!4d67.0813223!16s%2Fg%2F11j0jb5klp!19sChIJuw09yhw_sz4RJ84x_r48e5c?authuser=0&hl=en&g_ep=EgoyMDI2MDkyNy4xIJJjKgBIAVAD&rclk=1
GF-KHI-038,Next Level Fitness Bootcamp,PECHS,+92 333 3662549,https://wa.me/923333662549,4.8,Tier 2 (High-Volume Mid-Market),1. Not Contacted,,High member turnover & unpaid fee leakage (15-25% dues delay). Pitch automated WhatsApp reminders and daily cash ledger.,Eliminate Unpaid Member Dues with 3-Day Automated WhatsApp Payment Reminders,"Starter / Pro (Rs 3,500 - 7,500/mo)",150 - 350 members,"Shaheed-e-Millat Rd, Darul Aman Society P.E.C.H.S., Karachi, 75350, Pakistan",https://www.google.com/maps/place/Next+Level+Fitness+Bootcamp/data=!4m7!3m6!1s0x3eb33e969e0694c9:0x15bb0a71a45e9744!8m2!3d24.8734276!4d67.0668025!16s%2Fg%2F11hb6xrdgl!19sChIJyZQGnpY-sz4RRJdepHEKuxU?authuser=0&hl=en&g_ep=EgoyMDI2MDkyNy4xIJJjKgBIAVAD&rclk=1
GF-KHI-039,Burnout Fitness,PECHS,+92 340 3168661,https://wa.me/923403168661,5.0,Tier 2 (High-Volume Mid-Market),1. Not Contacted,,High member turnover & unpaid fee leakage (15-25% dues delay). Pitch automated WhatsApp reminders and daily cash ledger.,Eliminate Unpaid Member Dues with 3-Day Automated WhatsApp Payment Reminders,"Starter / Pro (Rs 3,500 - 7,500/mo)",150 - 350 members,"Burnout fitness Rooftop, Pizza Max Building, 744 Tariq Rd, P.E.C.H.S Block 2 Block 2 P.E.C.H.S., Karachi, Pakistan",https://www.google.com/maps/place/Burnout+Fitness/data=!4m7!3m6!1s0x3eb33f3a6a83999b:0x3363294de05db32d!8m2!3d24.871338!4d67.0598783!16s%2Fg%2F11m_9p1q1y!19sChIJm5mDajo_sz4RLbNd4E0pYzM?authuser=0&hl=en&g_ep=EgoyMDI2MDkyNy4xIJJjKgBIAVAD&rclk=1
GF-KHI-040,FitCore Gym North Nazimabad,North Nazimabad,+92 336 0895961,https://wa.me/923360895961,4.9,Tier 1 (Premium / Boutique),1. Not Contacted,,"High fee structure (Rs 8k - 25k/mo). Owners care about brand prestige, zero counter friction, and automated payment receipts.",Automated WhatsApp Fee Receipts + Raast QR Instant Verification + Member Retention Dashboard,"Pro / Enterprise (Rs 7,500 - 15,000/mo)",250 - 600 members,"First floor, Plot D9, Block A North Nazimabad Town, Karachi, 75400, Pakistan",https://www.google.com/maps/place/FitCore+Gym+North+Nazimabad/data=!4m7!3m6!1s0x3eb33f4f931b0ac5:0x9f1f1e794ef6808d!8m2!3d24.9292437!4d67.0349467!16s%2Fg%2F11z8jksd_5!19sChIJxQobk08_sz4RjYD2TnkeH58?authuser=0&hl=en&g_ep=EgoyMDI2MDkyNy4xIJJjKgBIAVAD&rclk=1
GF-KHI-041,Power Fitness Zone Gym & Fitness Studio,North Nazimabad,+92 317 2569051,https://wa.me/923172569051,4.8,Tier 1 (Premium / Boutique),1. Not Contacted,,"High fee structure (Rs 8k - 25k/mo). Owners care about brand prestige, zero counter friction, and automated payment receipts.",Automated WhatsApp Fee Receipts + Raast QR Instant Verification + Member Retention Dashboard,"Pro / Enterprise (Rs 7,500 - 15,000/mo)",250 - 600 members,"W2WV+688, Block D North Nazimabad Town, Karachi, Pakistan",https://www.google.com/maps/place/Power+Fitness+Zone+Gym+%26+Fitness+Studio/data=!4m7!3m6!1s0x3eb341004272fdab:0x42b14f4e9c68443d!8m2!3d24.9455369!4d67.0433237!16s%2Fg%2F11ytp8mz12!19sChIJq_1yQgBBsz4RPURonE5PsUI?authuser=0&hl=en&g_ep=EgoyMDI2MDkyNy4xIJJjKgBIAVAD&rclk=1
GF-KHI-042,Edge Physique Fitness & Health Care Center,North Nazimabad,+92 370 0367556,https://wa.me/923700367556,4.5,Tier 2 (High-Volume Mid-Market),1. Not Contacted,,High member turnover & unpaid fee leakage (15-25% dues delay). Pitch automated WhatsApp reminders and daily cash ledger.,Eliminate Unpaid Member Dues with 3-Day Automated WhatsApp Payment Reminders,"Starter / Pro (Rs 3,500 - 7,500/mo)",150 - 350 members,"Plot no 14b, Saima Paari Mall, Block H North Nazimabad Town, Karachi, 74600, Pakistan",https://www.google.com/maps/place/Edge+Physique+Fitness+%26+Health+Care+Center/data=!4m7!3m6!1s0x3eb33f6267f3997f:0xf6dff7ac49855d92!8m2!3d24.9384432!4d67.044467!16s%2Fg%2F11b620f2qj!19sChIJf5nzZ2I_sz4Rkl2FSaz33_Y?authuser=0&hl=en&g_ep=EgoyMDI2MDkyNy4xIJJjKgBIAVAD&rclk=1
GF-KHI-043,(TFR) The Fitness Revolution,Nazimabad,+92 346 2223903,https://wa.me/923462223903,4.6,Tier 3 (Local Community Gym),1. Not Contacted,,Still using notebook/Excel register. Low tech barrier needed. Emphasize mobile-friendly Urdu/English interface and Rs 100/day cost.,Replace Paper Register with 1-Click Mobile Member Entry & Due Date SMS/WhatsApp,"Starter (Rs 2,500 - 3,500/mo)",80 - 180 members,"Block- C , Plot #07 , Main Hadi Market, Basement of Meezan Bank Nazimabad 4, Block 4 Nazimabad, Karachi, 74600, Pakistan",https://www.google.com/maps/place/%28TFR%29+The+Fitness+Revolution/data=!4m7!3m6!1s0x3eb33fdd479da3bf:0x2a00e9bd3961a125!8m2!3d24.9160963!4d67.0350298!16s%2Fg%2F11tc7s2dgg!19sChIJv6OdR90_sz4RJaFhOb3pACo?authuser=0&hl=en&g_ep=EgoyMDI2MDkyNy4xIJJjKgBIAVAD&rclk=1
GF-KHI-044,Murtaza Health Gym Hyderi,North Nazimabad,+92 347 8352423,https://wa.me/923478352423,4.5,Tier 2 (High-Volume Mid-Market),1. Not Contacted,,High member turnover & unpaid fee leakage (15-25% dues delay). Pitch automated WhatsApp reminders and daily cash ledger.,Eliminate Unpaid Member Dues with 3-Day Automated WhatsApp Payment Reminders,"Starter / Pro (Rs 3,500 - 7,500/mo)",150 - 350 members,"B-69 Sir Syed Ahmed Rd, Block H North Nazimabad Town, Karachi, Pakistan",https://www.google.com/maps/place/Murtaza+Health+Gym+Hyderi/data=!4m7!3m6!1s0x3eb33f813f8eab59:0x678a75a4acbbeafd!8m2!3d24.9370865!4d67.0418624!16s%2Fg%2F1tfn16c5!19sChIJWauOP4E_sz4R_eq7rKR1imc?authuser=0&hl=en&g_ep=EgoyMDI2MDkyNy4xIJJjKgBIAVAD&rclk=1
GF-KHI-045,Iron Culture Fitness,Gulistan-e-Johar,+92 334 3288995,https://wa.me/923343288995,4.8,Tier 3 (Local Community Gym),1. Not Contacted,,Still using notebook/Excel register. Low tech barrier needed. Emphasize mobile-friendly Urdu/English interface and Rs 100/day cost.,Replace Paper Register with 1-Click Mobile Member Entry & Due Date SMS/WhatsApp,"Starter (Rs 2,500 - 3,500/mo)",80 - 180 members,"House #B10 Basement, Block 16 Gulistan-e-Johar, Karachi, Pakistan",https://www.google.com/maps/place/Iron+Culture+Fitness/data=!4m7!3m6!1s0x3eb3398d8063083d:0x6f97f846a591aee6!8m2!3d24.9181243!4d67.1181733!16s%2Fg%2F11s1pptm0w!19sChIJPQhjgI05sz4R5q6RpUb4l28?authuser=0&hl=en&g_ep=EgoyMDI2MDkyNy4xIJJjKgBIAVAD&rclk=1
GF-KHI-046,Body Complex باڈی کمپلیکس,Gulistan-e-Johar,+92 321 2365914,https://wa.me/923212365914,4.2,Tier 3 (Local Community Gym),1. Not Contacted,,Still using notebook/Excel register. Low tech barrier needed. Emphasize mobile-friendly Urdu/English interface and Rs 100/day cost.,Replace Paper Register with 1-Click Mobile Member Entry & Due Date SMS/WhatsApp,"Starter (Rs 2,500 - 3,500/mo)",80 - 180 members,"W4CF+5MQ, Block 15 Gulistan-e-Johar, Karachi, Pakistan",https://www.google.com/maps/place/Body+Complex+%D8%A8%D8%A7%DA%88%DB%8C+%DA%A9%D9%85%D9%BE%D9%84%DB%8C%DA%A9%D8%B3%E2%80%AD/data=!4m7!3m6!1s0x3eb338e5fc64aeef:0x2e6e930562de7b64!8m2!3d24.9204518!4d67.1242329!16s%2Fg%2F11ckkxjl1t!19sChIJ765k_OU4sz4RZHveYgWTbi4?authuser=0&hl=en&g_ep=EgoyMDI2MDkyNy4xIJJjKgBIAVAD&rclk=1
GF-KHI-047,Female Fitness & Beauty Studio,Gulistan-e-Johar,+92 331 2594234,https://wa.me/923312594234,4.8,Tier 1 (Premium / Boutique),1. Not Contacted,,"High fee structure (Rs 8k - 25k/mo). Owners care about brand prestige, zero counter friction, and automated payment receipts.",Automated WhatsApp Fee Receipts + Raast QR Instant Verification + Member Retention Dashboard,"Pro / Enterprise (Rs 7,500 - 15,000/mo)",250 - 600 members,"Shop no 33, Kings Residency, Block 13 Gulistan-e-Johar, Karachi, Pakistan",https://www.google.com/maps/place/Female+Fitness+%26+Beauty+Studio/data=!4m7!3m6!1s0x3eb339d7d7d00977:0x61420fdc9f6754aa!8m2!3d24.9081471!4d67.1228546!16s%2Fg%2F11h3b31nz9!19sChIJdwnQ19c5sz4RqlRnn9wPQmE?authuser=0&hl=en&g_ep=EgoyMDI2MDkyNy4xIJJjKgBIAVAD&rclk=1
GF-KHI-048,Joules Club,Gulistan-e-Johar,+92 335 0210612,https://wa.me/923350210612,4.4,Tier 1 (Premium / Boutique),1. Not Contacted,,"High fee structure (Rs 8k - 25k/mo). Owners care about brand prestige, zero counter friction, and automated payment receipts.",Automated WhatsApp Fee Receipts + Raast QR Instant Verification + Member Retention Dashboard,"Pro / Enterprise (Rs 7,500 - 15,000/mo)",250 - 600 members,"Unique Classic, St 18, Block 15 Gulistan-e-Johar, Karachi, 74600, Pakistan",https://www.google.com/maps/place/Joules+Club/data=!4m7!3m6!1s0x3eb339503f0246bf:0xe9823ac4f979c8!8m2!3d24.9245592!4d67.1153911!16s%2Fg%2F11jwfmjhlh!19sChIJv0YCP1A5sz4RyHn5xDqC6QA?authuser=0&hl=en&g_ep=EgoyMDI2MDkyNy4xIJJjKgBIAVAD&rclk=1
GF-KHI-049,Fitness Arena,Gulistan-e-Johar,+92 304 3329410,https://wa.me/923043329410,4.8,Tier 3 (Local Community Gym),1. Not Contacted,,Still using notebook/Excel register. Low tech barrier needed. Emphasize mobile-friendly Urdu/English interface and Rs 100/day cost.,Replace Paper Register with 1-Click Mobile Member Entry & Due Date SMS/WhatsApp,"Starter (Rs 2,500 - 3,500/mo)",80 - 180 members,"C2, ag tower, Block 14, Gulistan-e-Johar, Karachi, 75290, Pakistan",https://www.google.com/maps/place/Fitness+Arena/data=!4m7!3m6!1s0x3eb3390068254f9d:0xc6063eda52c089e!8m2!3d24.9105503!4d67.1225099!16s%2Fg%2F11ltjct9pt!19sChIJnU8laAA5sz4Rnggspe1jYAw?authuser=0&hl=en&g_ep=EgoyMDI2MDkyNy4xIJJjKgBIAVAD&rclk=1
GF-KHI-050,Ahmed Gym,Gulistan-e-Johar,+92 21 34632481,Landline / Call,4.3,Tier 3 (Local Community Gym),1. Not Contacted,,Still using notebook/Excel register. Low tech barrier needed. Emphasize mobile-friendly Urdu/English interface and Rs 100/day cost.,Replace Paper Register with 1-Click Mobile Member Entry & Due Date SMS/WhatsApp,"Starter (Rs 2,500 - 3,500/mo)",80 - 180 members,"B-134, Block 1 Gulistan-e-johar, Block 1 Gulistan-e-Johar, Karachi, Pakistan",https://www.google.com/maps/place/Ahmed+Gym/data=!4m7!3m6!1s0x3eb338c1aa0b5b1b:0xc34b461338ce049a!8m2!3d24.9274276!4d67.1150466!16s%2Fg%2F1pp2twglg!19sChIJG1sLqsE4sz4RmgTOOBNGS8M?authuser=0&hl=en&g_ep=EgoyMDI2MDkyNy4xIJJjKgBIAVAD&rclk=1
GF-KHI-051,Xpansion Gym,Gulistan-e-Johar,+92 309 2586581,https://wa.me/923092586581,4.5,Tier 3 (Local Community Gym),1. Not Contacted,,Still using notebook/Excel register. Low tech barrier needed. Emphasize mobile-friendly Urdu/English interface and Rs 100/day cost.,Replace Paper Register with 1-Click Mobile Member Entry & Due Date SMS/WhatsApp,"Starter (Rs 2,500 - 3,500/mo)",80 - 180 members,"King's trade Center basement s-b15, Block 3 A Gulistan-e-Johar, Karachi, Pakistan",https://www.google.com/maps/place/Xpansion+Gym/data=!4m7!3m6!1s0x3eb33969886bec2d:0x4c2b2b9483c8d132!8m2!3d24.9214568!4d67.1349479!16s%2Fg%2F11p00bn4fq!19sChIJLexriGk5sz4RMtHIg5QrK0w?authuser=0&hl=en&g_ep=EgoyMDI2MDkyNy4xIJJjKgBIAVAD&rclk=1
GF-KHI-052,Karachi Executive Gym for Ladies and Gents,Gulistan-e-Johar,+92 337 2357534,https://wa.me/923372357534,3.6,Tier 3 (Local Community Gym),1. Not Contacted,,Still using notebook/Excel register. Low tech barrier needed. Emphasize mobile-friendly Urdu/English interface and Rs 100/day cost.,Replace Paper Register with 1-Click Mobile Member Entry & Due Date SMS/WhatsApp,"Starter (Rs 2,500 - 3,500/mo)",80 - 180 members,"Plot # 1-A Block A Rd, Latifi Cooperative cooperative housing society Block 20 Gulistan-e-Johar, Karachi, 75290, Pakistan",https://www.google.com/maps/place/Karachi+Executive+Gym+for+Ladies+and+Gents/data=!4m7!3m6!1s0x3eb33995083484dd:0xa5bd0143d3da649!8m2!3d24.9120036!4d67.1120585!16s%2Fg%2F11n00mzpvp!19sChIJ3YQ0CJU5sz4RSaY9PRTQWwo?authuser=0&hl=en&g_ep=EgoyMDI2MDkyNy4xIJJjKgBIAVAD&rclk=1
GF-KHI-053,Thrive Fitness,Bahadurabad,+92 304 0331999,https://wa.me/923040331999,4.6,Tier 2 (High-Volume Mid-Market),1. Not Contacted,,High member turnover & unpaid fee leakage (15-25% dues delay). Pitch automated WhatsApp reminders and daily cash ledger.,Eliminate Unpaid Member Dues with 3-Day Automated WhatsApp Payment Reminders,"Starter / Pro (Rs 3,500 - 7,500/mo)",150 - 350 members,"293 Bahadurabad Rd No. 15, Bahadurabad Bahadur Yar Jang CHS, Karachi, 07482, Pakistan",https://www.google.com/maps/place/Thrive+Fitness/data=!4m7!3m6!1s0x3eb33f93dc0c8f15:0x8fd6902a5a40e2d3!8m2!3d24.8852117!4d67.0697833!16s%2Fg%2F11yn52j6km!19sChIJFY8M3JM_sz4R0-JAWiqQ1o8?authuser=0&hl=en&g_ep=EgoyMDI2MDkyNy4xIJJjKgBIAVAD&rclk=1
GF-KHI-054,Fitnasium Studio,Bahadurabad,+92 319 2713005,https://wa.me/923192713005,4.0,Tier 1 (Premium / Boutique),1. Not Contacted,,"High fee structure (Rs 8k - 25k/mo). Owners care about brand prestige, zero counter friction, and automated payment receipts.",Automated WhatsApp Fee Receipts + Raast QR Instant Verification + Member Retention Dashboard,"Pro / Enterprise (Rs 7,500 - 15,000/mo)",250 - 600 members,"Plot No: 3/147, near Tooso Restaurant, Bahadurabad BMCHS Sharafabad, Karachi, 07482, Pakistan",https://www.google.com/maps/place/Fitnasium+Studio/data=!4m7!3m6!1s0x3eb33ec1c862851f:0xbf1084c904b0df63!8m2!3d24.8823125!4d67.0715625!16s%2Fg%2F11c481q5g2!19sChIJH4ViyME-sz4RY9-wBMmEEL8?authuser=0&hl=en&g_ep=EgoyMDI2MDkyNy4xIJJjKgBIAVAD&rclk=1
GF-KHI-055,APEX FITNESS - BAHADURABAD,Bahadurabad,+92 335 2360789,https://wa.me/923352360789,4.9,Tier 2 (High-Volume Mid-Market),1. Not Contacted,,High member turnover & unpaid fee leakage (15-25% dues delay). Pitch automated WhatsApp reminders and daily cash ledger.,Eliminate Unpaid Member Dues with 3-Day Automated WhatsApp Payment Reminders,"Starter / Pro (Rs 3,500 - 7,500/mo)",150 - 350 members,"Bismillah Palace, Street No.9, Jamaluddin Afghani Rd, Near Chaar Minar Chowrangi, Bihar Muslim Society, Bahadurabad BMCHS Sharafabad, Karachi, 74800, Pakistan",https://www.google.com/maps/place/APEX+FITNESS+-+BAHADURABAD/data=!4m7!3m6!1s0x3eb3395173421f8b:0xfc88f31036c361a8!8m2!3d24.8841284!4d67.0654332!16s%2Fg%2F11ym83x_1w!19sChIJix9Cc1E5sz4RqGHDNhDziPw?authuser=0&hl=en&g_ep=EgoyMDI2MDkyNy4xIJJjKgBIAVAD&rclk=1
GF-KHI-056,Movenfit PECHS,PECHS,+92 333 2750995,https://wa.me/923332750995,4.6,Tier 2 (High-Volume Mid-Market),1. Not Contacted,,High member turnover & unpaid fee leakage (15-25% dues delay). Pitch automated WhatsApp reminders and daily cash ledger.,Eliminate Unpaid Member Dues with 3-Day Automated WhatsApp Payment Reminders,"Starter / Pro (Rs 3,500 - 7,500/mo)",150 - 350 members,"Shop#5, Grappetite Chowrangi, Bihar Muslim Society Bahadurabad, Karachi, 74800, Pakistan",https://www.google.com/maps/place/Movenfit+PECHS/data=!4m7!3m6!1s0x3eb33f749e4df0a5:0x1d619937ead9e0a9!8m2!3d24.8822434!4d67.0667619!16s%2Fg%2F11llbfl9f8!19sChIJpfBNnnQ_sz4RqeDZ6jeZYR0?authuser=0&hl=en&g_ep=EgoyMDI2MDkyNy4xIJJjKgBIAVAD&rclk=1
GF-KHI-057,FIT HIT FITNESS,Bahadurabad,+92 21 34550068,Landline / Call,4.3,Tier 2 (High-Volume Mid-Market),1. Not Contacted,,High member turnover & unpaid fee leakage (15-25% dues delay). Pitch automated WhatsApp reminders and daily cash ledger.,Eliminate Unpaid Member Dues with 3-Day Automated WhatsApp Payment Reminders,"Starter / Pro (Rs 3,500 - 7,500/mo)",150 - 350 members,"D91, Tipu Sultan Rd, KDA Scheme #1 KDA Scheme 1, Karachi, 75350, Pakistan",https://www.google.com/maps/place/FIT+HIT+FITNESS/data=!4m7!3m6!1s0x3eb33f004ad9dbfd:0x4c9b4ba9b846735c!8m2!3d24.8747955!4d67.0876405!16s%2Fg%2F11xff3zmpk!19sChIJ_dvZSgA_sz4RXHNGuKlLm0w?authuser=0&hl=en&g_ep=EgoyMDI2MDkyNy4xIJJjKgBIAVAD&rclk=1
GF-KHI-058,Get Smart Gym Tariq Road,PECHS,+92 21 34557137,Landline / Call,4.0,Tier 2 (High-Volume Mid-Market),1. Not Contacted,,High member turnover & unpaid fee leakage (15-25% dues delay). Pitch automated WhatsApp reminders and daily cash ledger.,Eliminate Unpaid Member Dues with 3-Day Automated WhatsApp Payment Reminders,"Starter / Pro (Rs 3,500 - 7,500/mo)",150 - 350 members,"3rd Floor، Glamour One Mall، Block 3 Tariq Rd, Block 3 P.E.C.H.S., Karachi, 75400, Pakistan",https://www.google.com/maps/place/Get+Smart+Gym+Tariq+Road/data=!4m7!3m6!1s0x3eb33f2183c690c5:0x86bb242873091b5f!8m2!3d24.8759053!4d67.0623535!16s%2Fg%2F1td_94jl!19sChIJxZDGgyE_sz4RXxsJcygku4Y?authuser=0&hl=en&g_ep=EgoyMDI2MDkyNy4xIJJjKgBIAVAD&rclk=1
GF-KHI-059,Fortune Fitness (Gym),Tariq Road,+92 319 1508403,https://wa.me/923191508403,4.2,Tier 2 (High-Volume Mid-Market),1. Not Contacted,,High member turnover & unpaid fee leakage (15-25% dues delay). Pitch automated WhatsApp reminders and daily cash ledger.,Eliminate Unpaid Member Dues with 3-Day Automated WhatsApp Payment Reminders,"Starter / Pro (Rs 3,500 - 7,500/mo)",150 - 350 members,"Jamshed Rd, Jamshed Quarters Amil Colony, Karachi, Pakistan",https://www.google.com/maps/place/Fortune+Fitness+%28Gym%29/data=!4m7!3m6!1s0x3eb33fd0d0c3622f:0x59e85e94d00920d2!8m2!3d24.8616059!4d67.0662372!16s%2Fg%2F11k56l9tx8!19sChIJL2LD0NA_sz4R0iAJ0JRe6Fk?authuser=0&hl=en&g_ep=EgoyMDI2MDkyNy4xIJJjKgBIAVAD&rclk=1
GF-KHI-060,The Fit Camp,PECHS,+92 311 8260598,https://wa.me/923118260598,4.9,Tier 2 (High-Volume Mid-Market),1. Not Contacted,,High member turnover & unpaid fee leakage (15-25% dues delay). Pitch automated WhatsApp reminders and daily cash ledger.,Eliminate Unpaid Member Dues with 3-Day Automated WhatsApp Payment Reminders,"Starter / Pro (Rs 3,500 - 7,500/mo)",150 - 350 members,"Plot no.23-D, Block 7/8 Tipu Sultan Rd, next to Espresso, Habitt, Karachi Memon Co-operative Housing Society Karachi Memon Society P.E.C.H.S., Karachi, 75400, Pakistan",https://www.google.com/maps/place/The+Fit+Camp/data=!4m7!3m6!1s0x3eb33f01537dbd1d:0x55cb37a51dacb04d!8m2!3d24.8671515!4d67.0774236!16s%2Fg%2F11hdvp78fj!19sChIJHb19UwE_sz4RTbCsHaU3y1U?authuser=0&hl=en&g_ep=EgoyMDI2MDkyNy4xIJJjKgBIAVAD&rclk=1
GF-KHI-061,Uk branded fitness club,Shahrah-e-Faisal,+92 333 8877012,https://wa.me/923338877012,4.0,Tier 1 (Premium / Boutique),1. Not Contacted,,"High fee structure (Rs 8k - 25k/mo). Owners care about brand prestige, zero counter friction, and automated payment receipts.",Automated WhatsApp Fee Receipts + Raast QR Instant Verification + Member Retention Dashboard,"Pro / Enterprise (Rs 7,500 - 15,000/mo)",250 - 600 members,"Plot 64 A, Block 1 Shah Faisal Colony 1 Shah Faisal Colony, Shah Faisal Town, 75230, Pakistan",https://www.google.com/maps/place/Uk+branded+fitness+club/data=!4m7!3m6!1s0x3eb339498b479121:0xc5d37a73add606ee!8m2!3d24.8831462!4d67.145081!16s%2Fg%2F11v59_cyx8!19sChIJIZFHi0k5sz4R7gbWrXN608U?authuser=0&hl=en&g_ep=EgoyMDI2MDkyNy4xIJJjKgBIAVAD&rclk=1
GF-KHI-062,Fit Freak Fitness Center,Malir,+92 370 3979997,https://wa.me/923703979997,4.9,Tier 3 (Local Community Gym),1. Not Contacted,,Still using notebook/Excel register. Low tech barrier needed. Emphasize mobile-friendly Urdu/English interface and Rs 100/day cost.,Replace Paper Register with 1-Click Mobile Member Entry & Due Date SMS/WhatsApp,"Starter (Rs 2,500 - 3,500/mo)",80 - 180 members,"Street 39 Sector E, Askari V, Malir Cantonment, Karachi, 75090, Pakistan",https://www.google.com/maps/place/Fit+Freak+Fitness+Center/data=!4m7!3m6!1s0x3eb3390006b1aabb:0xec4dc85cfeb85c7c!8m2!3d24.9463217!4d67.1842693!16s%2Fg%2F11x_bjhvmd!19sChIJu6qxBgA5sz4RfFy4_lzITew?authuser=0&hl=en&g_ep=EgoyMDI2MDkyNy4xIJJjKgBIAVAD&rclk=1
GF-KHI-063,Get Smart Gym Malir Cantt,DHA,+92 21 34900300,Landline / Call,4.2,Tier 1 (Premium / Boutique),1. Not Contacted,,"High fee structure (Rs 8k - 25k/mo). Owners care about brand prestige, zero counter friction, and automated payment receipts.",Automated WhatsApp Fee Receipts + Raast QR Instant Verification + Member Retention Dashboard,"Pro / Enterprise (Rs 7,500 - 15,000/mo)",250 - 600 members,"New Air Defence Mart Complex, Malir Cantonment, Karachi, 75080, Pakistan",https://www.google.com/maps/place/Get+Smart+Gym+Malir+Cantt/data=!4m7!3m6!1s0x3eb3394b23a298b5:0xf4e63576e704b7c9!8m2!3d24.9329976!4d67.1822165!16s%2Fg%2F11svf9zpjl!19sChIJtZiiI0s5sz4RybcE53Y15vQ?authuser=0&hl=en&g_ep=EgoyMDI2MDkyNy4xIJJjKgBIAVAD&rclk=1
GF-KHI-064,Cuts and Muscles Gym,Clifton,+92 21 35821395,Landline / Call,4.5,Tier 1 (Premium / Boutique),1. Not Contacted,,"High fee structure (Rs 8k - 25k/mo). Owners care about brand prestige, zero counter friction, and automated payment receipts.",Automated WhatsApp Fee Receipts + Raast QR Instant Verification + Member Retention Dashboard,"Pro / Enterprise (Rs 7,500 - 15,000/mo)",250 - 600 members,"R2HV+C7P, Khayaban-e-Jami, Chandio Block 8 Clifton, Karachi, 75600, Pakistan",https://www.google.com/maps/place/Cuts+and+Muscles+Gym/data=!4m7!3m6!1s0x3eb33db59b55de47:0x3db1394d6c58b9e0!8m2!3d24.8285907!4d67.043203!16s%2Fg%2F1ty72rld!19sChIJR95Vm7U9sz4R4LlYbE05sT0?authuser=0&hl=en&g_ep=EgoyMDI2MDkyOC4wIJJjKgBIAVAD&rclk=1
GF-KHI-065,Shapes Wellness Club - Karachi,DHA,+92 21 35655973,Landline / Call,4.3,Tier 1 (Premium / Boutique),1. Not Contacted,,"High fee structure (Rs 8k - 25k/mo). Owners care about brand prestige, zero counter friction, and automated payment receipts.",Automated WhatsApp Fee Receipts + Raast QR Instant Verification + Member Retention Dashboard,"Pro / Enterprise (Rs 7,500 - 15,000/mo)",250 - 600 members,Shapes Wellness Club - Karachi,https://www.google.com/maps/place/Shapes+Wellness+Club+-+Karachi/data=!4m7!3m6!1s0x3eb33dd21f58789b:0xe7f7781147bdbbc6!8m2!3d24.8418638!4d67.0407067!16s%2Fg%2F1ts1qq7g!19sChIJm3hYH9I9sz4Rxru9RxF49-c?authuser=0&hl=en&g_ep=EgoyMDI2MDkyOC4wIJJjKgBIAVAD&rclk=1
GF-KHI-066,Density Fitness Gym,Gulshan-e-Iqbal,+92 345 2240815,https://wa.me/923452240815,4.7,Tier 2 (High-Volume Mid-Market),1. Not Contacted,,High member turnover & unpaid fee leakage (15-25% dues delay). Pitch automated WhatsApp reminders and daily cash ledger.,Eliminate Unpaid Member Dues with 3-Day Automated WhatsApp Payment Reminders,"Starter / Pro (Rs 3,500 - 7,500/mo)",150 - 350 members,"Block 16 Gulshan-e-Iqbal, Karachi, Pakistan",https://www.google.com/maps/place/Density+Fitness+Gym/data=!4m7!3m6!1s0x3eb33f98c940d7cd:0x3264ccb2b64a6fd0!8m2!3d24.9035156!4d67.0803502!16s%2Fg%2F11t5np2g0v!19sChIJzddAyZg_sz4R0G9KtrLMZDI?authuser=0&hl=en&g_ep=EgoyMDI2MDkyOC4wIJJjKgBIAVAD&rclk=1
GF-KHI-067,Get Smart Gym Gulshan,Gulshan-e-Iqbal,+92 21 34173773,Landline / Call,4.1,Tier 2 (High-Volume Mid-Market),1. Not Contacted,,High member turnover & unpaid fee leakage (15-25% dues delay). Pitch automated WhatsApp reminders and daily cash ledger.,Eliminate Unpaid Member Dues with 3-Day Automated WhatsApp Payment Reminders,"Starter / Pro (Rs 3,500 - 7,500/mo)",150 - 350 members,"Sawana City, Mezzanine floor, Block 13D-2, Sehba, Sahba Akhtar Rd, Block 13 D 3 Gulshan-e-Iqbal, Karachi, Pakistan",https://www.google.com/maps/place/Get+Smart+Gym+Gulshan/data=!4m7!3m6!1s0x3eb33f2183d2bd23:0x7609d0fd882b1795!8m2!3d24.9067999!4d67.0724409!16s%2Fg%2F11gg64rv8v!19sChIJI73SgyE_sz4RlRcriP3QCXY?authuser=0&hl=en&g_ep=EgoyMDI2MDkyOC4wIJJjKgBIAVAD&rclk=1
GF-KHI-068,M-Fit,Gulshan-e-Iqbal,+92 319 0541709,https://wa.me/923190541709,4.7,Tier 2 (High-Volume Mid-Market),1. Not Contacted,,High member turnover & unpaid fee leakage (15-25% dues delay). Pitch automated WhatsApp reminders and daily cash ledger.,Eliminate Unpaid Member Dues with 3-Day Automated WhatsApp Payment Reminders,"Starter / Pro (Rs 3,500 - 7,500/mo)",150 - 350 members,"Plot No 11, Callachi Cooperative Housing Society Block 10 A Gulshan-e-Iqbal, Karachi, 75300, Pakistan",https://www.google.com/maps/place/M-Fit/data=!4m7!3m6!1s0x3eb339080786097b:0xea1b5fa62600e73b!8m2!3d24.9054725!4d67.1046133!16s%2Fg%2F11s75ph9qw!19sChIJewmGBwg5sz4RO-cAJqZfG-o?authuser=0&hl=en&g_ep=EgoyMDI2MDkyOC4wIJJjKgBIAVAD&rclk=1
GF-KHI-069,Tricore Fitness,Gulshan-e-Iqbal,+92 311 1244409,https://wa.me/923111244409,4.9,Tier 1 (Premium / Boutique),1. Not Contacted,,"High fee structure (Rs 8k - 25k/mo). Owners care about brand prestige, zero counter friction, and automated payment receipts.",Automated WhatsApp Fee Receipts + Raast QR Instant Verification + Member Retention Dashboard,"Pro / Enterprise (Rs 7,500 - 15,000/mo)",250 - 600 members,"A3, Gulshan-e-Jamal (Railway Colony) Block C Gulshan e Jamal, Karachi, 75850, Pakistan",https://www.google.com/maps/place/Tricore+Fitness/data=!4m7!3m6!1s0x3eb339004d615bf9:0xee5df8300706c4af!8m2!3d24.9010341!4d67.112156!16s%2Fg%2F11wqr46822!19sChIJ-VthTQA5sz4Rr8QGBzD4Xe4?authuser=0&hl=en&g_ep=EgoyMDI2MDkyOC4wIJJjKgBIAVAD&rclk=1
GF-KHI-070,Slimmers club,Gulshan-e-Iqbal,+92 333 2223981,https://wa.me/923332223981,3.9,Tier 1 (Premium / Boutique),1. Not Contacted,,"High fee structure (Rs 8k - 25k/mo). Owners care about brand prestige, zero counter friction, and automated payment receipts.",Automated WhatsApp Fee Receipts + Raast QR Instant Verification + Member Retention Dashboard,"Pro / Enterprise (Rs 7,500 - 15,000/mo)",250 - 600 members,"B-27 Sardar Ali Sabri Rd, Block 5 Gulshan-e-Iqbal, Karachi, 75300, Pakistan",https://www.google.com/maps/place/Slimmers+club/data=!4m7!3m6!1s0x3eb33f33a12fcc81:0xbcf9928619e6877e!8m2!3d24.9189573!4d67.0911415!16s%2Fg%2F11g8c_dpd6!19sChIJgcwvoTM_sz4RfofmGYaS-bw?authuser=0&hl=en&g_ep=EgoyMDI2MDkyOC4wIJJjKgBIAVAD&rclk=1
GF-KHI-071,KRAVO Fitness Studio,PECHS,+92 336 8267316,https://wa.me/923368267316,4.9,Tier 1 (Premium / Boutique),1. Not Contacted,,"High fee structure (Rs 8k - 25k/mo). Owners care about brand prestige, zero counter friction, and automated payment receipts.",Automated WhatsApp Fee Receipts + Raast QR Instant Verification + Member Retention Dashboard,"Pro / Enterprise (Rs 7,500 - 15,000/mo)",250 - 600 members,"Shaheed-e-Millat Service Road, Cp & Berar Chs, Karachi, 75300, Pakistan",https://www.google.com/maps/place/KRAVO+Fitness+Studio/data=!4m7!3m6!1s0x3eb33f15d6a2c665:0x75b0d782a673cb6b!8m2!3d24.8743507!4d67.0755179!16s%2Fg%2F11sv0z6dwt!19sChIJZcai1hU_sz4Ra8tzpoLXsHU?authuser=0&hl=en&g_ep=EgoyMDI2MDkyOC4wIJJjKgBIAVAD&rclk=1
GF-KHI-072,Center of Gravity Gym,PECHS,+92 21 38883406,Landline / Call,4.5,Tier 2 (High-Volume Mid-Market),1. Not Contacted,,High member turnover & unpaid fee leakage (15-25% dues delay). Pitch automated WhatsApp reminders and daily cash ledger.,Eliminate Unpaid Member Dues with 3-Day Automated WhatsApp Payment Reminders,"Starter / Pro (Rs 3,500 - 7,500/mo)",150 - 350 members,"Mezzanine Floor, Happy Heights, 2 Shaheed-e-Millat Rd, Modern Society P.E.C.H.S., Karachi, 78400, Pakistan",https://www.google.com/maps/place/Center+of+Gravity+Gym/data=!4m7!3m6!1s0x3eb33f2a272c6e31:0x16ed258b390170d6!8m2!3d24.8815725!4d67.081158!16s%2Fg%2F11tmg2mq38!19sChIJMW4sJyo_sz4R1nABOYsl7RY?authuser=0&hl=en&g_ep=EgoyMDI2MDkyOC4wIJJjKgBIAVAD&rclk=1
GF-KHI-073,Strength Fitness,PECHS,+92 321 2241254,https://wa.me/923212241254,5.0,Tier 2 (High-Volume Mid-Market),1. Not Contacted,,High member turnover & unpaid fee leakage (15-25% dues delay). Pitch automated WhatsApp reminders and daily cash ledger.,Eliminate Unpaid Member Dues with 3-Day Automated WhatsApp Payment Reminders,"Starter / Pro (Rs 3,500 - 7,500/mo)",150 - 350 members,"Mezzanine Floor, M5 & M6 Plot No.6, Makki House, near Universal Book Shop, Bihar Muslim Society BMCHS Sharafabad, Karachi, 74100, Pakistan",https://www.google.com/maps/place/Strength+Fitness/data=!4m7!3m6!1s0x3eb33f52180d3e5f:0xab5956a0e9b9b2ae!8m2!3d24.8833613!4d67.0637468!16s%2Fg%2F11v9cg8cwh!19sChIJXz4NGFI_sz4RrrK56aBWWas?authuser=0&hl=en&g_ep=EgoyMDI2MDkyOC4wIJJjKgBIAVAD&rclk=1
GF-KHI-074,Bari Gym,PECHS,+92 304 1322224,https://wa.me/923041322224,4.1,Tier 2 (High-Volume Mid-Market),1. Not Contacted,,High member turnover & unpaid fee leakage (15-25% dues delay). Pitch automated WhatsApp reminders and daily cash ledger.,Eliminate Unpaid Member Dues with 3-Day Automated WhatsApp Payment Reminders,"Starter / Pro (Rs 3,500 - 7,500/mo)",150 - 350 members,"V3C6+M5P, Block 2 P.E.C.H.S., Karachi, Pakistan",https://www.google.com/maps/place/Bari+Gym/data=!4m7!3m6!1s0x3eb33e9180d524f1:0x9fee65384b3f5c06!8m2!3d24.8717163!4d67.0604399!16s%2Fg%2F11c4xnwjyt!19sChIJ8STVgJE-sz4RBlw_Szhl7p8?authuser=0&hl=en&g_ep=EgoyMDI2MDkyOC4wIJJjKgBIAVAD&rclk=1
GF-KHI-075,Urban Fitness,North Nazimabad,+92 312 2282056,https://wa.me/923122282056,4.7,Tier 2 (High-Volume Mid-Market),1. Not Contacted,,High member turnover & unpaid fee leakage (15-25% dues delay). Pitch automated WhatsApp reminders and daily cash ledger.,Eliminate Unpaid Member Dues with 3-Day Automated WhatsApp Payment Reminders,"Starter / Pro (Rs 3,500 - 7,500/mo)",150 - 350 members,"between 5 Star and, SB/53, Block 'K' North Nazimabad, next to Agha Khan Laboratory, Sakhi Hassan Block K Chowrangi, Karachi, 74700, Pakistan",https://www.google.com/maps/place/Urban+Fitness/data=!4m7!3m6!1s0x3eb3411334fd3d21:0xbf9e71d2295ceb87!8m2!3d24.9498828!4d67.0531151!16s%2Fg%2F11rmr6n271!19sChIJIT39NBNBsz4Rh-tcKdJxnr8?authuser=0&hl=en&g_ep=EgoyMDI2MDkyOC4wIJJjKgBIAVAD&rclk=1
GF-KHI-076,The Fitness Lab,North Nazimabad,+92 301 7859368,https://wa.me/923017859368,4.9,Tier 2 (High-Volume Mid-Market),1. Not Contacted,,High member turnover & unpaid fee leakage (15-25% dues delay). Pitch automated WhatsApp reminders and daily cash ledger.,Eliminate Unpaid Member Dues with 3-Day Automated WhatsApp Payment Reminders,"Starter / Pro (Rs 3,500 - 7,500/mo)",150 - 350 members,"House number B, Fitness villa B.102, 102, Allama Iqbal Town Block W North Nazimabad Town, Karachi, 74600, Pakistan",https://www.google.com/maps/place/The+Fitness+Lab/data=!4m7!3m6!1s0x3eb341f73512bbe7:0xda44469f78659e11!8m2!3d24.9477356!4d67.0546971!16s%2Fg%2F11rc__67q0!19sChIJ57sSNfdBsz4REZ5leJ9GRNo?authuser=0&hl=en&g_ep=EgoyMDI2MDkyOC4wIJJjKgBIAVAD&rclk=1
GF-KHI-077,Get Smart Gym Madni Mall,North Nazimabad,+92 316 3028103,https://wa.me/923163028103,4.4,Tier 2 (High-Volume Mid-Market),1. Not Contacted,,High member turnover & unpaid fee leakage (15-25% dues delay). Pitch automated WhatsApp reminders and daily cash ledger.,Eliminate Unpaid Member Dues with 3-Day Automated WhatsApp Payment Reminders,"Starter / Pro (Rs 3,500 - 7,500/mo)",150 - 350 members,"Block, Euro Hi-Tech Residency, F North, Block F Nazimabad, Karachi, 74600, Pakistan",https://www.google.com/maps/place/Get+Smart+Gym+Madni+Mall/data=!4m7!3m6!1s0x3eb33f52e3f1b44b:0x5f22b968c7102ce1!8m2!3d24.9360255!4d67.0427392!16s%2Fg%2F11fq_74637!19sChIJS7Tx41I_sz4R4SwQx2i5Il8?authuser=0&hl=en&g_ep=EgoyMDI2MDkyOC4wIJJjKgBIAVAD&rclk=1
GF-KHI-078,TORO FITNESS,Gulistan-e-Johar,+92 303 2813646,https://wa.me/923032813646,4.4,Tier 3 (Local Community Gym),1. Not Contacted,,Still using notebook/Excel register. Low tech barrier needed. Emphasize mobile-friendly Urdu/English interface and Rs 100/day cost.,Replace Paper Register with 1-Click Mobile Member Entry & Due Date SMS/WhatsApp,"Starter (Rs 2,500 - 3,500/mo)",80 - 180 members,"house no A-6, Long Life Bungalows, Block 17 Gulistan-e-Johar, Karachi, 07599, Pakistan",https://www.google.com/maps/place/TORO+FITNESS/data=!4m7!3m6!1s0x3eb3398b5910de87:0xd4b7f1a1bcd222f2!8m2!3d24.9114539!4d67.1177766!16s%2Fg%2F11rtqc6h__!19sChIJh94QWYs5sz4R8iLSvKHxt9Q?authuser=0&hl=en&g_ep=EgoyMDI2MDkyOC4wIJJjKgBIAVAD&rclk=1
GF-KHI-079,Cyclone Fitness+,Bahadurabad,+92 340 4860000,https://wa.me/923404860000,4.5,Tier 2 (High-Volume Mid-Market),1. Not Contacted,,High member turnover & unpaid fee leakage (15-25% dues delay). Pitch automated WhatsApp reminders and daily cash ledger.,Eliminate Unpaid Member Dues with 3-Day Automated WhatsApp Payment Reminders,"Starter / Pro (Rs 3,500 - 7,500/mo)",150 - 350 members,"V3H8+Q6G, Shaheed-e-Millat Rd, Bahadurabad Bahadur Yar Jang CHS, Karachi, Pakistan",https://www.google.com/maps/place/Cyclone+Fitness%2B/data=!4m7!3m6!1s0x3eb33f0076d69e91:0x2fe482da6faf0742!8m2!3d24.8795471!4d67.0657976!16s%2Fg%2F11y4zwyrwm!19sChIJkZ7WdgA_sz4RQgevb9qC5C8?authuser=0&hl=en&g_ep=EgoyMDI2MDkyOC4wIJJjKgBIAVAD&rclk=1
GF-KHI-080,K-Town Fitness Club,Bahadurabad,+92 334 2326811,https://wa.me/923342326811,4.7,Tier 1 (Premium / Boutique),1. Not Contacted,,"High fee structure (Rs 8k - 25k/mo). Owners care about brand prestige, zero counter friction, and automated payment receipts.",Automated WhatsApp Fee Receipts + Raast QR Instant Verification + Member Retention Dashboard,"Pro / Enterprise (Rs 7,500 - 15,000/mo)",250 - 600 members,"M9 mezzanine floor, Westland apartment, Alamgir Rd, Bahadurabad Bahadur Yar Jang CHS, Karachi, Pakistan",https://www.google.com/maps/place/K-Town+Fitness+Club/data=!4m7!3m6!1s0x3eb33ff8d02ef231:0x145d5fa26ea532e4!8m2!3d24.8804498!4d67.0704582!16s%2Fg%2F11vsbjjzl7!19sChIJMfIu0Pg_sz4R5DKlbqJfXRQ?authuser=0&hl=en&g_ep=EgoyMDI2MDkyOC4wIJJjKgBIAVAD&rclk=1
GF-KHI-081,Prefect Life (Bahaurabad Center),Bahadurabad,+92 335 7373328,https://wa.me/923357373328,4.8,Tier 2 (High-Volume Mid-Market),1. Not Contacted,,High member turnover & unpaid fee leakage (15-25% dues delay). Pitch automated WhatsApp reminders and daily cash ledger.,Eliminate Unpaid Member Dues with 3-Day Automated WhatsApp Payment Reminders,"Starter / Pro (Rs 3,500 - 7,500/mo)",150 - 350 members,"159 Siraj-ud-Daulah Rd, Bahadurabad Khokan CHS, Karachi, Pakistan",https://www.google.com/maps/place/Prefect+Life+%28Bahaurabad+Center%29/data=!4m7!3m6!1s0x3eb33ec18348e007:0x529c33cfe77ec6c1!8m2!3d24.8840886!4d67.0729654!16s%2Fg%2F11g9m8wqhj!19sChIJB-BIg8E-sz4RwcZ-588znFI?authuser=0&hl=en&g_ep=EgoyMDI2MDkyOC4wIJJjKgBIAVAD&rclk=1
GF-KHI-082,Abid Gym Fitness Zone,Bahadurabad,+92 331 6320766,https://wa.me/923316320766,4.6,Tier 2 (High-Volume Mid-Market),1. Not Contacted,,High member turnover & unpaid fee leakage (15-25% dues delay). Pitch automated WhatsApp reminders and daily cash ledger.,Eliminate Unpaid Member Dues with 3-Day Automated WhatsApp Payment Reminders,"Starter / Pro (Rs 3,500 - 7,500/mo)",150 - 350 members,"Shop#7, near Grappetite Chowrangi, Bihar Muslim Society Bahadurabad, Karachi, 74800, Pakistan",https://www.google.com/maps/place/Abid+Gym+Fitness+Zone/data=!4m7!3m6!1s0x3eb33eea6db6f729:0xb66235e512b182ba!8m2!3d24.8843179!4d67.0643154!16s%2Fg%2F11b7vyj229!19sChIJKfe2beo-sz4RuoKxEuU1YrY?authuser=0&hl=en&g_ep=EgoyMDI2MDkyOC4wIJJjKgBIAVAD&rclk=1
GF-KHI-083,Delta Fitness,PECHS,+92 311 1133582,https://wa.me/923111133582,4.6,Tier 2 (High-Volume Mid-Market),1. Not Contacted,,High member turnover & unpaid fee leakage (15-25% dues delay). Pitch automated WhatsApp reminders and daily cash ledger.,Eliminate Unpaid Member Dues with 3-Day Automated WhatsApp Payment Reminders,"Starter / Pro (Rs 3,500 - 7,500/mo)",150 - 350 members,"124, G Block 2 Block 2 P.E.C.H.S., Karachi, Pakistan",https://www.google.com/maps/place/Delta+Fitness/data=!4m7!3m6!1s0x3eb33f4e10043103:0x81c46fc64dc50545!8m2!3d24.8677282!4d67.0570815!16s%2Fg%2F11w37h9rmg!19sChIJAzEEEE4_sz4RRQXFTcZvxIE?authuser=0&hl=en&g_ep=EgoyMDI2MDkyOC4wIJJjKgBIAVAD&rclk=1
GF-KHI-084,Fit & Fight Gym and Boxing Club,Bahadurabad,+92 340 2298003,https://wa.me/923402298003,4.1,Tier 1 (Premium / Boutique),1. Not Contacted,,"High fee structure (Rs 8k - 25k/mo). Owners care about brand prestige, zero counter friction, and automated payment receipts.",Automated WhatsApp Fee Receipts + Raast QR Instant Verification + Member Retention Dashboard,"Pro / Enterprise (Rs 7,500 - 15,000/mo)",250 - 600 members,"Bahadurabad BMCHS Sharafabad, Karachi, Pakistan",https://www.google.com/maps/place/Fit+%26+Fight+Gym+and+Boxing+Club/data=!4m7!3m6!1s0x3eb33f0bea778ffd:0x848db09cbf92c5bf!8m2!3d24.8811355!4d67.0641813!16s%2Fg%2F11fqpqqnnv!19sChIJ_Y936gs_sz4Rv8WSv5ywjYQ?authuser=0&hl=en&g_ep=EgoyMDI2MDkyOC4wIJJjKgBIAVAD&rclk=1
GF-KHI-085,Fit & Flex Gym,Tariq Road,+92 313 3867743,https://wa.me/923133867743,4.6,Tier 2 (High-Volume Mid-Market),1. Not Contacted,,High member turnover & unpaid fee leakage (15-25% dues delay). Pitch automated WhatsApp reminders and daily cash ledger.,Eliminate Unpaid Member Dues with 3-Day Automated WhatsApp Payment Reminders,"Starter / Pro (Rs 3,500 - 7,500/mo)",150 - 350 members,"Plot 28 A, Sindhi Muslim Cooperative Housing Society Block A Sindhi Muslim CHS (SMCHS), Karachi, Pakistan",https://www.google.com/maps/place/Fit+%26+Flex+Gym/data=!4m7!3m6!1s0x3eb33fdf3375ea53:0x5f5bd1b730fcd0e9!8m2!3d24.8822566!4d67.0450715!16s%2Fg%2F11y0ykq8gh!19sChIJU-p1M98_sz4R6dD8MLfRW18?authuser=0&hl=en&g_ep=EgoyMDI2MDkyOC4wIJJjKgBIAVAD&rclk=1
GF-KHI-086,Iron beast,Shahrah-e-Faisal,+92 320 2229996,https://wa.me/923202229996,5.0,Tier 3 (Local Community Gym),1. Not Contacted,,Still using notebook/Excel register. Low tech barrier needed. Emphasize mobile-friendly Urdu/English interface and Rs 100/day cost.,Replace Paper Register with 1-Click Mobile Member Entry & Due Date SMS/WhatsApp,"Starter (Rs 2,500 - 3,500/mo)",80 - 180 members,"Roof top, 32 F Muhammad Ali Chs (Machs), Karachi, Pakistan",https://www.google.com/maps/place/Iron+beast/data=!4m7!3m6!1s0x3eb33f00286766c3:0xae93ad00b4228b44!8m2!3d24.8756087!4d67.0881132!16s%2Fg%2F11mf4vl78s!19sChIJw2ZnKAA_sz4RRIsitACtk64?authuser=0&hl=en&g_ep=EgoyMDI2MDkyOC4wIJJjKgBIAVAD&rclk=1
GF-KHI-087,Creed Fitness,Malir Cantt,+92 302 2658153,https://wa.me/923022658153,4.3,Tier 3 (Local Community Gym),1. Not Contacted,,Still using notebook/Excel register. Low tech barrier needed. Emphasize mobile-friendly Urdu/English interface and Rs 100/day cost.,Replace Paper Register with 1-Click Mobile Member Entry & Due Date SMS/WhatsApp,"Starter (Rs 2,500 - 3,500/mo)",80 - 180 members,"Falcon Street, Malir Cantonment, Karachi, Pakistan",https://www.google.com/maps/place/Creed+Fitness/data=!4m7!3m6!1s0x3eb33769a8b0b04d:0x800fb079161078cc!8m2!3d24.9468727!4d67.213476!16s%2Fg%2F11rdb9yvzx!19sChIJTbCwqGk3sz4RzHgQFnmwD4A?authuser=0&hl=en&g_ep=EgoyMDI2MDkyOC4wIJJjKgBIAVAD&rclk=1
GF-KHI-088,The Gymtrek Gym,Malir Cantt,+92 332 2732838,https://wa.me/923322732838,4.8,Tier 3 (Local Community Gym),1. Not Contacted,,Still using notebook/Excel register. Low tech barrier needed. Emphasize mobile-friendly Urdu/English interface and Rs 100/day cost.,Replace Paper Register with 1-Click Mobile Member Entry & Due Date SMS/WhatsApp,"Starter (Rs 2,500 - 3,500/mo)",80 - 180 members,"The Gymtrek Gym, A9 Indus Mehran, Malir Cantonment, Karachi, 75080, Pakistan",https://www.google.com/maps/place/The+Gymtrek+Gym/data=!4m7!3m6!1s0x3eb339b731590f4f:0xfad9cdb5a2530955!8m2!3d24.9014511!4d67.2019827!16s%2Fg%2F11trg8vmp7!19sChIJTw9ZMbc5sz4RVQlTorXN2fo?authuser=0&hl=en&g_ep=EgoyMDI2MDkyOC4wIJJjKgBIAVAD&rclk=1
GF-KHI-089,CoreFit Gym & Fitness Center For Ladies & Gents,Malir,+92 370 0119895,https://wa.me/923700119895,4.4,Tier 1 (Premium / Boutique),1. Not Contacted,,"High fee structure (Rs 8k - 25k/mo). Owners care about brand prestige, zero counter friction, and automated payment receipts.",Automated WhatsApp Fee Receipts + Raast QR Instant Verification + Member Retention Dashboard,"Pro / Enterprise (Rs 7,500 - 15,000/mo)",250 - 600 members,"closed to Comoda, 307 Malir, S-1 Saudabad S1 Saudabad, Karachi, 75080, Pakistan",https://www.google.com/maps/place/CoreFit+Gym+%26+Fitness+Center+For+Ladies+%26+Gents/data=!4m7!3m6!1s0x3eb337004c1028e5:0xa8ef85fb667e0e27!8m2!3d24.902521!4d67.1973831!16s%2Fg%2F11x7j_ctws!19sChIJ5SgQTAA3sz4RJw5-ZvuF76g?authuser=0&hl=en&g_ep=EgoyMDI2MDkyOC4wIJJjKgBIAVAD&rclk=1
GF-KHI-090,Core Craft,Malir Cantt,+92 314 1153330,https://wa.me/923141153330,4.7,Tier 1 (Premium / Boutique),1. Not Contacted,,"High fee structure (Rs 8k - 25k/mo). Owners care about brand prestige, zero counter friction, and automated payment receipts.",Automated WhatsApp Fee Receipts + Raast QR Instant Verification + Member Retention Dashboard,"Pro / Enterprise (Rs 7,500 - 15,000/mo)",250 - 600 members,"W5CX+4FQ Ordnance Mart, Malir Cantonment, Karachi, Pakistan",https://www.google.com/maps/place/Core+Craft/data=!4m7!3m6!1s0x3eb337004c74455d:0xbe3580836e7c2b9b!8m2!3d24.920329!4d67.1987349!16s%2Fg%2F11zbgvn117!19sChIJXUV0TAA3sz4Rmyt8boOANb4?authuser=0&hl=en&g_ep=EgoyMDI2MDkyOC4wIJJjKgBIAVAD&rclk=1
GF-KHI-091,Curves n Shapes,Malir,+92 300 2255620,https://wa.me/923002255620,4.5,Tier 3 (Local Community Gym),1. Not Contacted,,Still using notebook/Excel register. Low tech barrier needed. Emphasize mobile-friendly Urdu/English interface and Rs 100/day cost.,Replace Paper Register with 1-Click Mobile Member Entry & Due Date SMS/WhatsApp,"Starter (Rs 2,500 - 3,500/mo)",80 - 180 members,"Qaid Park, 13/7 Begum Khursheed Rd, near laal masjid, Saudabad Block C Malir, Karachi, Pakistan",https://www.google.com/maps/place/Curves+n+Shapes/data=!4m7!3m6!1s0x3eb339e7bf4017a1:0x6ca93dbd33fb6672!8m2!3d24.8936347!4d67.1899514!16s%2Fg%2F11cn7h3sr_!19sChIJoRdAv-c5sz4Rcmb7M709qWw?authuser=0&hl=en&g_ep=EgoyMDI2MDkyOC4wIJJjKgBIAVAD&rclk=1
GF-KHI-092,Sports arena gym,Malir,+92 320 2190925,https://wa.me/923202190925,4.0,Tier 3 (Local Community Gym),1. Not Contacted,,Still using notebook/Excel register. Low tech barrier needed. Emphasize mobile-friendly Urdu/English interface and Rs 100/day cost.,Replace Paper Register with 1-Click Mobile Member Entry & Due Date SMS/WhatsApp,"Starter (Rs 2,500 - 3,500/mo)",80 - 180 members,"4, dotts shopping complex, Malir Cantonment, Karachi, 75080, Pakistan",https://www.google.com/maps/place/Sports+arena+gym/data=!4m7!3m6!1s0x3eb33780e1bb5a0f:0x70d832424f1caf98!8m2!3d24.9315244!4d67.2019787!16s%2Fg%2F11y49w5f3d!19sChIJD1q74YA3sz4RmK8cT0Iy2HA?authuser=0&hl=en&g_ep=EgoyMDI2MDkyOC4wIJJjKgBIAVAD&rclk=1
GF-KHI-093,Garrison sports complex,Malir,+92 310 2623827,https://wa.me/923102623827,5.0,Tier 3 (Local Community Gym),1. Not Contacted,,Still using notebook/Excel register. Low tech barrier needed. Emphasize mobile-friendly Urdu/English interface and Rs 100/day cost.,Replace Paper Register with 1-Click Mobile Member Entry & Due Date SMS/WhatsApp,"Starter (Rs 2,500 - 3,500/mo)",80 - 180 members,"W5QF+82Q, Bilawal Jokhio Goth Malir Cantonment, Karachi, Pakistan",https://www.google.com/maps/place/Garrison+sports+complex/data=!4m7!3m6!1s0x3eb337007cdd1ae1:0x76cbf6734090933!8m2!3d24.9437652!4d67.2021819!16s%2Fg%2F11xkshmgg0!19sChIJ4RrdfAA3sz4RMwkJNGe_bAc?authuser=0&hl=en&g_ep=EgoyMDI2MDkyOC4wIJJjKgBIAVAD&rclk=1
GF-KHI-094,Armstrong Gym,Malir Cantt,+92 332 2464479,https://wa.me/923322464479,4.6,Tier 3 (Local Community Gym),1. Not Contacted,,Still using notebook/Excel register. Low tech barrier needed. Emphasize mobile-friendly Urdu/English interface and Rs 100/day cost.,Replace Paper Register with 1-Click Mobile Member Entry & Due Date SMS/WhatsApp,"Starter (Rs 2,500 - 3,500/mo)",80 - 180 members,"Armstrong gym Rimjhim tower Safoor, near KESC Society, scheme 33 Kesc Society Gulzar E Hijri Scheme 33, Karachi, 75270, Pakistan",https://www.google.com/maps/place/Armstrong+Gym/data=!4m7!3m6!1s0x3eb339835ceca7f3:0xa9a84251ec010e1c!8m2!3d24.9406439!4d67.1604083!16s%2Fg%2F11f9yp1d2j!19sChIJ86fsXIM5sz4RHA4B7FFCqKk?authuser=0&hl=en&g_ep=EgoyMDI2MDkyOC4wIJJjKgBIAVAD&rclk=1
GF-KHI-095,X1 Fitness,Gulshan-e-Iqbal,+92 310 6568333,https://wa.me/923106568333,4.9,Tier 2 (High-Volume Mid-Market),1. Not Contacted,,High member turnover & unpaid fee leakage (15-25% dues delay). Pitch automated WhatsApp reminders and daily cash ledger.,Eliminate Unpaid Member Dues with 3-Day Automated WhatsApp Payment Reminders,"Starter / Pro (Rs 3,500 - 7,500/mo)",150 - 350 members,"First Floor, KJS, X1 Fitness, Business Complex, Main Rashid Minhas Rd, Work Co-Operative Society Block 10 A Gulshan-e-Iqbal, Karachi, 75300, Pakistan",https://www.google.com/maps/place/X1+Fitness/data=!4m7!3m6!1s0x3eb33937c5966ca3:0xdca0f94d4b7e4773!8m2!3d24.907787!4d67.109461!16s%2Fg%2F11mkncbh7j!19sChIJo2yWxTc5sz4Rc0d-S035oNw?authuser=0&hl=en&g_ep=EgoyMDI2MDkyOC4wIJJjKgBIAVAD&rclk=1
GF-KHI-096,Aamir's Muscle Arena Gym,Gulistan-e-Johar,+92 343 5009009,https://wa.me/923435009009,4.5,Tier 3 (Local Community Gym),1. Not Contacted,,Still using notebook/Excel register. Low tech barrier needed. Emphasize mobile-friendly Urdu/English interface and Rs 100/day cost.,Replace Paper Register with 1-Click Mobile Member Entry & Due Date SMS/WhatsApp,"Starter (Rs 2,500 - 3,500/mo)",80 - 180 members,"Mezzanine Floor Al Malik Blessing, Block-19 Block 19 Gulistan-e-Johar, Karachi, Pakistan",https://www.google.com/maps/place/Aamir%27s+Muscle+Arena+Gym/data=!4m7!3m6!1s0x3eb339be900d053b:0x998e7679bf8a91e2!8m2!3d24.9057029!4d67.117347!16s%2Fg%2F11fmpl2cjw!19sChIJOwUNkL45sz4R4pGKv3l2jpk?authuser=0&hl=en&g_ep=EgoyMDI2MDkyOC4wIJJjKgBIAVAD&rclk=1
GF-KHI-097,Iron City Gym,Gulshan-e-Iqbal,+92 323 3653846,https://wa.me/923233653846,4.5,Tier 2 (High-Volume Mid-Market),1. Not Contacted,,High member turnover & unpaid fee leakage (15-25% dues delay). Pitch automated WhatsApp reminders and daily cash ledger.,Eliminate Unpaid Member Dues with 3-Day Automated WhatsApp Payment Reminders,"Starter / Pro (Rs 3,500 - 7,500/mo)",150 - 350 members,"Moon Garden St, Block 10-A Block 11 Gulshan-e-Iqbal, Karachi, 75290, Pakistan",https://www.google.com/maps/place/Iron+City+Gym/data=!4m7!3m6!1s0x3eb338dea59f7505:0x3b4cb8b4a9725f6d!8m2!3d24.913465!4d67.110881!16s%2Fg%2F11c5h1szr2!19sChIJBXWfpd44sz4RbV9yqbS4TDs?authuser=0&hl=en&g_ep=EgoyMDI2MDkyOC4wIJJjKgBIAVAD&rclk=1
GF-KHI-098,Legacy Fitness,Federal B Area,+92 303 8892727,https://wa.me/923038892727,4.4,Tier 3 (Local Community Gym),1. Not Contacted,,Still using notebook/Excel register. Low tech barrier needed. Emphasize mobile-friendly Urdu/English interface and Rs 100/day cost.,Replace Paper Register with 1-Click Mobile Member Entry & Due Date SMS/WhatsApp,"Starter (Rs 2,500 - 3,500/mo)",80 - 180 members,"C-257, Block 10 Gulberg Town, Karachi, 75950, Pakistan",https://www.google.com/maps/place/Legacy+Fitness/data=!4m7!3m6!1s0x3eb33f2e5d83f833:0x78cdb6772359130f!8m2!3d24.9303146!4d67.0622168!16s%2Fg%2F11fwvsb7cl!19sChIJM_iDXS4_sz4RDxNZI3e2zXg?authuser=0&hl=en&g_ep=EgoyMDI2MDkyOC4wIJJjKgBIAVAD&rclk=1
GF-KHI-099,Soul Fitness,FB Area,+92 346 2459535,https://wa.me/923462459535,4.6,Tier 3 (Local Community Gym),1. Not Contacted,,Still using notebook/Excel register. Low tech barrier needed. Emphasize mobile-friendly Urdu/English interface and Rs 100/day cost.,Replace Paper Register with 1-Click Mobile Member Entry & Due Date SMS/WhatsApp,"Starter (Rs 2,500 - 3,500/mo)",80 - 180 members,"B-4, Federal B Area Block 12 Gulberg Town, Karachi, 75950, Pakistan",https://www.google.com/maps/place/Soul+Fitness/data=!4m7!3m6!1s0x3eb33f00ae2bebfb:0x8f3e6ca53311c9!8m2!3d24.9384732!4d67.0661436!16s%2Fg%2F11sh6bqqxf!19sChIJ--srrgA_sz4RyREzpWw-jwA?authuser=0&hl=en&g_ep=EgoyMDI2MDkyOC4wIJJjKgBIAVAD&rclk=1
GF-KHI-100,IRONWAR FITNESS II,FB Area,+92 311 2793641,https://wa.me/923112793641,4.8,Tier 3 (Local Community Gym),1. Not Contacted,,Still using notebook/Excel register. Low tech barrier needed. Emphasize mobile-friendly Urdu/English interface and Rs 100/day cost.,Replace Paper Register with 1-Click Mobile Member Entry & Due Date SMS/WhatsApp,"Starter (Rs 2,500 - 3,500/mo)",80 - 180 members,"Plot BS, 3 Gulberg West Ln, Federal B Area Block 12 Gulberg Town, Karachi, 75950, Pakistan",https://www.google.com/maps/place/IRONWAR+FITNESS+II/data=!4m7!3m6!1s0x3eb33fb1bfdb0401:0x4697c0fabd40ca44!8m2!3d24.937077!4d67.065658!16s%2Fg%2F11yv2jx4_0!19sChIJAQTbv7E_sz4RRMpAvfrAl0Y?authuser=0&hl=en&g_ep=EgoyMDI2MDkyOC4wIJJjKgBIAVAD&rclk=1
GF-KHI-101,YM Gym,FB Area,+92 317 2842090,https://wa.me/923172842090,5.0,Tier 3 (Local Community Gym),1. Not Contacted,,Still using notebook/Excel register. Low tech barrier needed. Emphasize mobile-friendly Urdu/English interface and Rs 100/day cost.,Replace Paper Register with 1-Click Mobile Member Entry & Due Date SMS/WhatsApp,"Starter (Rs 2,500 - 3,500/mo)",80 - 180 members,"ST 21 Azizabad Main Rd, Federal B Area Block 7 Gulberg Town, Karachi, 75950, Pakistan",https://www.google.com/maps/place/YM+Gym/data=!4m7!3m6!1s0x3eb33f005b4209bb:0x387d848a968702f2!8m2!3d24.9228462!4d67.0664588!16s%2Fg%2F11mk9qt85c!19sChIJuwlCWwA_sz4R8gKHloqEfTg?authuser=0&hl=en&g_ep=EgoyMDI2MDkyOC4wIJJjKgBIAVAD&rclk=1
GF-KHI-102,Haji Club,Gulshan-e-Iqbal,+92 335 8743483,https://wa.me/923358743483,4.9,Tier 1 (Premium / Boutique),1. Not Contacted,,"High fee structure (Rs 8k - 25k/mo). Owners care about brand prestige, zero counter friction, and automated payment receipts.",Automated WhatsApp Fee Receipts + Raast QR Instant Verification + Member Retention Dashboard,"Pro / Enterprise (Rs 7,500 - 15,000/mo)",250 - 600 members,"LA-2/B Rashid Minhas Rd, opp. UBL Sports, Federal B Area Block 21 Complex، Karachi, Karachi, Pakistan",https://www.google.com/maps/place/Haji+Club/data=!4m7!3m6!1s0x3eb33f5c933c724b:0x70006449b290ba87!8m2!3d24.9370064!4d67.0745778!16s%2Fg%2F1tcwpmbk!19sChIJS3I8k1w_sz4Rh7qQsklkAHA?authuser=0&hl=en&g_ep=EgoyMDI2MDkyOC4wIJJjKgBIAVAD&rclk=1
GF-KHI-103,Body Mechanic Fitness Gym,FB Area,+92 345 2858499,https://wa.me/923452858499,4.8,Tier 3 (Local Community Gym),1. Not Contacted,,Still using notebook/Excel register. Low tech barrier needed. Emphasize mobile-friendly Urdu/English interface and Rs 100/day cost.,Replace Paper Register with 1-Click Mobile Member Entry & Due Date SMS/WhatsApp,"Starter (Rs 2,500 - 3,500/mo)",80 - 180 members,"Plot C-25, Muhammadi Centre, Basement, Federal B Area Block 17 Gulberg Town, Karachi, 75950, Pakistan",https://www.google.com/maps/place/Body+Mechanic+Fitness+Gym/data=!4m7!3m6!1s0x3eb33f8599b731bb:0x64c683a580cf8a9d!8m2!3d24.9379466!4d67.0765836!16s%2Fg%2F11t7m5gvr8!19sChIJuzG3mYU_sz4RnYrPgKWDxmQ?authuser=0&hl=en&g_ep=EgoyMDI2MDkyOC4wIJJjKgBIAVAD&rclk=1
GF-KHI-104,AA Fitness Gulberg Branch,Federal B Area,+92 312 2807431,https://wa.me/923122807431,4.9,Tier 3 (Local Community Gym),1. Not Contacted,,Still using notebook/Excel register. Low tech barrier needed. Emphasize mobile-friendly Urdu/English interface and Rs 100/day cost.,Replace Paper Register with 1-Click Mobile Member Entry & Due Date SMS/WhatsApp,"Starter (Rs 2,500 - 3,500/mo)",80 - 180 members,"C 51 C 51, Block 17 Gulberg Town, Karachi, Pakistan",https://www.google.com/maps/place/AA+Fitness+Gulberg+Branch/data=!4m7!3m6!1s0x3eb33f46703fab61:0xaa7f4c1ee69729f9!8m2!3d24.9416098!4d67.0718193!16s%2Fg%2F11s8904hsl!19sChIJYas_cEY_sz4R-SmX5h5Mf6o?authuser=0&hl=en&g_ep=EgoyMDI2MDkyOC4wIJJjKgBIAVAD&rclk=1
GF-KHI-105,The GYM Fitness Hub,Gulistan-e-Johar,+92 310 0200077,https://wa.me/923100200077,4.4,Tier 3 (Local Community Gym),1. Not Contacted,,Still using notebook/Excel register. Low tech barrier needed. Emphasize mobile-friendly Urdu/English interface and Rs 100/day cost.,Replace Paper Register with 1-Click Mobile Member Entry & Due Date SMS/WhatsApp,"Starter (Rs 2,500 - 3,500/mo)",80 - 180 members,"2nd Floor, Building # T-583, opposite Meezan Bank, 2-1/2 Sector 41 A Korangi, Karachi, 74900, Pakistan",https://www.google.com/maps/place/The+GYM+Fitness+Hub/data=!4m7!3m6!1s0x3eb33bea58923de1:0xbaa96e0c172df78e!8m2!3d24.8235137!4d67.1414745!16s%2Fg%2F11ll36rgqk!19sChIJ4T2SWOo7sz4RjvctFwxuqbo?authuser=0&hl=en&g_ep=EgoyMDI2MDkyOC4wIJJjKgBIAVAD&rclk=1
